Id, Latency
1, 631
2, 606
3, 597
4, 611
5, 616
6, 606
7, 594
8, 605
9, 594
10, 593
11, 594
12, 599
13, 618
14, 610
15, 628
16, 587
17, 590
18, 610
19, 594
20, 603
21, 600
22, 597
23, 642
24, 586
25, 588
26, 598
27, 623
28, 598
29, 596
30, 623
31, 617
32, 592
33, 608
34, 654
35, 593
36, 604
37, 602
38, 591
39, 595
40, 614
41, 661
42, 601
43, 604
44, 671
45, 596
46, 611
47, 592
48, 593
49, 596
50, 618
51, 613
52, 607
53, 599
54, 720
55, 639
56, 598
57, 596
58, 594
59, 649
60, 602
61, 599
62, 621
63, 651
64, 635
65, 602
66, 593
67, 614
68, 590
69, 608
70, 627
71, 613
72, 617
73, 615
74, 634
75, 586
76, 630
77, 637
78, 625
79, 599
80, 611
81, 585
82, 616
83, 611
84, 613
85, 585
86, 599
87, 598
88, 611
89, 623
90, 606
91, 598
92, 640
93, 606
94, 617
95, 603
96, 616
97, 630
98, 657
99, 606
100, 639
101, 635
102, 626
103, 632
104, 601
105, 626
106, 643
107, 623
108, 594
109, 625
110, 609
111, 599
112, 596
113, 619
114, 650
115, 643
116, 613
117, 623
118, 629
119, 606
120, 649
121, 605
122, 611
123, 639
124, 645
125, 628
126, 607
127, 615
128, 618
129, 608
130, 616
131, 596
132, 592
133, 599
134, 647
135, 598
136, 617
137, 592
138, 626
139, 617
140, 639
141, 609
142, 657
143, 654
144, 626
145, 632
146, 612
147, 645
148, 629
149, 612
150, 677
151, 622
152, 605
153, 602
154, 630
155, 608
156, 626
157, 611
158, 617
159, 648
160, 617
161, 601
162, 638
163, 599
164, 623
165, 665
166, 683
167, 621
168, 603
169, 623
170, 608
171, 636
172, 632
173, 613
174, 618
175, 618
176, 647
177, 651
178, 654
179, 666
180, 606
181, 632
182, 619
183, 612
184, 613
185, 641
186, 653
187, 614
188, 609
189, 669
190, 628
191, 606
192, 606
193, 643
194, 593
195, 621
196, 629
197, 641
198, 630
199, 598
200, 659
201, 613
202, 604
203, 626
204, 605
205, 613
206, 612
207, 595
208, 632
209, 629
210, 605
211, 604
212, 625
213, 622
214, 615
215, 682
216, 623
217, 599
218, 601
219, 646
220, 639
221, 606
222, 624
223, 601
224, 648
225, 630
226, 602
227, 631
228, 595
229, 667
230, 634
231, 622
232, 612
233, 593
234, 597
235, 633
236, 606
237, 614
238, 608
239, 625
240, 618
241, 624
242, 613
243, 610
244, 592
245, 623
246, 605
247, 610
248, 597
249, 591
250, 599
251, 604
252, 631
253, 682
254, 610
255, 647
256, 623
257, 598
258, 637
259, 658
260, 618
261, 610
262, 612
263, 637
264, 623
265, 614
266, 688
267, 645
268, 653
269, 652
270, 596
271, 607
272, 616
273, 588
274, 633
275, 635
276, 615
277, 623
278, 598
279, 603
280, 603
281, 608
282, 618
283, 620
284, 601
285, 602
286, 602
287, 682
288, 619
289, 611
290, 624
291, 639
292, 618
293, 625
294, 627
295, 596
296, 622
297, 612
298, 651
299, 623
300, 645
301, 656
302, 616
303, 598
304, 604
305, 619
306, 625
307, 605
308, 611
309, 604
310, 611
311, 636
312, 597
313, 594
314, 609
315, 3326
316, 593
317, 604
318, 595
319, 617
320, 622
321, 625
322, 673
323, 597
324, 620
325, 608
326, 640
327, 609
328, 623
329, 605
330, 626
331, 601
332, 617
333, 620
334, 632
335, 633
336, 614
337, 630
338, 626
339, 593
340, 630
341, 612
342, 679
343, 601
344, 622
345, 609
346, 633
347, 613
348, 602
349, 595
350, 639
351, 618
352, 620
353, 613
354, 590
355, 641
356, 618
357, 673
358, 614
359, 616
360, 595
361, 596
362, 629
363, 631
364, 609
365, 607
366, 611
367, 611
368, 603
369, 594
370, 617
371, 606
372, 619
373, 640
374, 613
375, 593
376, 611
377, 621
378, 592
379, 600
380, 622
381, 613
382, 616
383, 601
384, 598
385, 601
386, 614
387, 620
388, 616
389, 652
390, 641
391, 621
392, 603
393, 661
394, 600
395, 594
396, 597
397, 636
398, 593
399, 643
400, 619
401, 602
402, 665
403, 629
404, 610
405, 632
406, 628
407, 631
408, 666
409, 598
410, 628
411, 603
412, 641
413, 628
414, 609
415, 636
416, 615
417, 597
418, 614
419, 627
420, 600
421, 614
422, 671
423, 604
424, 648
425, 613
426, 602
427, 623
428, 676
429, 597
430, 604
431, 613
432, 598
433, 658
434, 619
435, 617
436, 593
437, 615
438, 604
439, 612
440, 609
441, 637
442, 647
443, 628
444, 624
445, 615
446, 607
447, 626
448, 652
449, 666
450, 605
451, 657
452, 609
453, 617
454, 606
455, 614
456, 591
457, 609
458, 625
459, 595
460, 597
461, 623
462, 600
463, 606
464, 627
465, 586
466, 607
467, 608
468, 592
469, 650
470, 606
471, 598
472, 622
473, 652
474, 598
475, 617
476, 611
477, 624
478, 602
479, 595
480, 601
481, 611
482, 600
483, 594
484, 608
485, 604
486, 622
487, 624
488, 601
489, 606
490, 602
491, 688
492, 598
493, 631
494, 606
495, 612
496, 629
497, 593
498, 598
499, 617
500, 635
501, 596
502, 625
503, 598
504, 633
505, 635
506, 597
507, 601
508, 646
509, 590
510, 675
511, 615
512, 610
513, 622
514, 616
515, 613
516, 628
517, 606
518, 613
519, 615
520, 648
521, 649
522, 677
523, 613
524, 611
525, 620
526, 594
527, 616
528, 622
529, 605
530, 606
531, 612
532, 599
533, 592
534, 598
535, 618
536, 591
537, 596
538, 599
539, 615
540, 607
541, 608
542, 593
543, 595
544, 631
545, 600
546, 602
547, 593
548, 636
549, 600
550, 612
551, 613
552, 629
553, 603
554, 620
555, 614
556, 604
557, 610
558, 607
559, 619
560, 616
561, 605
562, 600
563, 615
564, 623
565, 617
566, 618
567, 601
568, 601
569, 594
570, 618
571, 597
572, 597
573, 591
574, 623
575, 623
576, 600
577, 594
578, 620
579, 627
580, 610
581, 603
582, 609
583, 618
584, 611
585, 623
586, 620
587, 610
588, 610
589, 604
590, 599
591, 625
592, 595
593, 604
594, 621
595, 607
596, 594
597, 608
598, 605
599, 606
600, 603
601, 605
602, 594
603, 582
604, 610
605, 592
606, 605
607, 599
608, 590
609, 638
610, 628
611, 602
612, 609
613, 608
614, 616
615, 632
616, 618
617, 587
618, 588
619, 631
620, 614
621, 605
622, 595
623, 616
624, 609
625, 603
626, 629
627, 598
628, 602
629, 608
630, 600
631, 589
632, 596
633, 606
634, 619
635, 616
636, 592
637, 600
638, 593
639, 641
640, 602
641, 603
642, 626
643, 587
644, 613
645, 623
646, 609
647, 613
648, 595
649, 637
650, 636
651, 606
652, 603
653, 614
654, 608
655, 596
656, 681
657, 609
658, 606
659, 628
660, 619
661, 646
662, 610
663, 594
664, 589
665, 606
666, 599
667, 627
668, 598
669, 604
670, 594
671, 605
672, 621
673, 611
674, 607
675, 599
676, 595
677, 595
678, 606
679, 590
680, 619
681, 658
682, 608
683, 600
684, 612
685, 602
686, 600
687, 600
688, 613
689, 602
690, 629
691, 627
692, 617
693, 589
694, 603
695, 604
696, 603
697, 591
698, 607
699, 605
700, 621
701, 602
702, 637
703, 632
704, 613
705, 608
706, 603
707, 591
708, 602
709, 604
710, 595
711, 600
712, 621
713, 592
714, 600
715, 595
716, 597
717, 618
718, 640
719, 598
720, 603
721, 615
722, 604
723, 636
724, 609
725, 600
726, 613
727, 626
728, 590
729, 608
730, 600
731, 607
732, 594
733, 595
734, 601
735, 633
736, 608
737, 640
738, 611
739, 614
740, 603
741, 608
742, 609
743, 604
744, 596
745, 617
746, 622
747, 609
748, 605
749, 598
750, 595
751, 638
752, 618
753, 591
754, 608
755, 595
756, 610
757, 611
758, 584
759, 635
760, 612
761, 602
762, 588
763, 595
764, 592
765, 608
766, 604
767, 616
768, 653
769, 621
770, 585
771, 598
772, 644
773, 606
774, 595
775, 632
776, 609
777, 603
778, 607
779, 609
780, 593
781, 614
782, 618
783, 600
784, 596
785, 625
786, 595
787, 615
788, 604
789, 630
790, 611
791, 602
792, 607
793, 619
794, 610
795, 611
796, 607
797, 601
798, 624
799, 633
800, 592
801, 628
802, 602
803, 604
804, 594
805, 613
806, 605
807, 621
808, 606
809, 606
810, 601
811, 630
812, 611
813, 593
814, 609
815, 614
816, 606
817, 630
818, 605
819, 605
820, 611
821, 597
822, 589
823, 593
824, 608
825, 594
826, 619
827, 612
828, 611
829, 657
830, 616
831, 599
832, 621
833, 595
834, 601
835, 622
836, 603
837, 608
838, 649
839, 605
840, 589
841, 622
842, 603
843, 621
844, 589
845, 602
846, 594
847, 589
848, 600
849, 595
850, 615
851, 596
852, 627
853, 604
854, 600
855, 598
856, 602
857, 604
858, 610
859, 607
860, 597
861, 595
862, 607
863, 587
864, 596
865, 596
866, 587
867, 615
868, 604
869, 593
870, 620
871, 627
872, 601
873, 594
874, 639
875, 618
876, 596
877, 594
878, 627
879, 617
880, 596
881, 609
882, 614
883, 607
884, 597
885, 616
886, 608
887, 620
888, 608
889, 615
890, 611
891, 614
892, 611
893, 595
894, 616
895, 613
896, 626
897, 601
898, 622
899, 602
900, 615
901, 601
902, 601
903, 602
904, 597
905, 588
906, 616
907, 602
908, 619
909, 601
910, 605
911, 599
912, 607
913, 606
914, 592
915, 596
916, 599
917, 608
918, 605
919, 605
920, 589
921, 606
922, 598
923, 608
924, 610
925, 602
926, 619
927, 602
928, 609
929, 614
930, 603
931, 598
932, 618
933, 604
934, 646
935, 621
936, 614
937, 628
938, 611
939, 595
940, 603
941, 625
942, 622
943, 614
944, 595
945, 612
946, 624
947, 624
948, 613
949, 602
950, 616
951, 595
952, 616
953, 604
954, 607
955, 618
956, 608
957, 605
958, 610
959, 605
960, 633
961, 622
962, 600
963, 605
964, 602
965, 608
966, 593
967, 601
968, 612
969, 598
970, 610
971, 615
972, 594
973, 593
974, 598
975, 621
976, 599
977, 602
978, 598
979, 602
980, 605
981, 611
982, 602
983, 595
984, 613
985, 619
986, 643
987, 596
988, 606
989, 625
990, 598
991, 604
992, 603
993, 602
994, 611
995, 611
996, 609
997, 613
998, 590
999, 625
1000, 614
1001, 600
1002, 606
1003, 613
1004, 614
1005, 607
1006, 599
1007, 615
1008, 611
1009, 596
1010, 595
1011, 587
1012, 625
1013, 617
1014, 618
1015, 600
1016, 605
1017, 600
1018, 607
1019, 614
1020, 602
1021, 599
1022, 634
1023, 613
1024, 593
1025, 601
1026, 602
1027, 613
1028, 608
1029, 606
1030, 596
1031, 600
1032, 607
1033, 613
1034, 634
1035, 626
1036, 593
1037, 604
1038, 596
1039, 609
1040, 631
1041, 596
1042, 606
1043, 595
1044, 613
1045, 624
1046, 594
1047, 619
1048, 601
1049, 611
1050, 607
1051, 589
1052, 596
1053, 607
1054, 618
1055, 597
1056, 602
1057, 589
1058, 613
1059, 612
1060, 699
1061, 601
1062, 615
1063, 598
1064, 598
1065, 596
1066, 605
1067, 622
1068, 622
1069, 620
1070, 592
1071, 600
1072, 607
1073, 608
1074, 622
1075, 606
1076, 604
1077, 628
1078, 594
1079, 615
1080, 598
1081, 640
1082, 611
1083, 622
1084, 626
1085, 615
1086, 606
1087, 602
1088, 617
1089, 604
1090, 606
1091, 606
1092, 612
1093, 620
1094, 608
1095, 611
1096, 603
1097, 610
1098, 603
1099, 600
1100, 620
1101, 611
1102, 606
1103, 600
1104, 619
1105, 601
1106, 604
1107, 615
1108, 610
1109, 590
1110, 601
1111, 617
1112, 607
1113, 602
1114, 603
1115, 613
1116, 599
1117, 606
1118, 596
1119, 595
1120, 672
1121, 601
1122, 611
1123, 619
1124, 608
1125, 603
1126, 599
1127, 601
1128, 641
1129, 616
1130, 620
1131, 606
1132, 588
1133, 590
1134, 616
1135, 593
1136, 623
1137, 603
1138, 622
1139, 626
1140, 594
1141, 603
1142, 626
1143, 606
1144, 583
1145, 607
1146, 591
1147, 608
1148, 593
1149, 622
1150, 645
1151, 647
1152, 608
1153, 607
1154, 607
1155, 590
1156, 595
1157, 606
1158, 596
1159, 609
1160, 604
1161, 593
1162, 597
1163, 594
1164, 599
1165, 615
1166, 610
1167, 598
1168, 606
1169, 617
1170, 594
1171, 590
1172, 612
1173, 608
1174, 603
1175, 606
1176, 595
1177, 617
1178, 606
1179, 604
1180, 599
1181, 604
1182, 585
1183, 622
1184, 606
1185, 601
1186, 635
1187, 603
1188, 619
1189, 590
1190, 616
1191, 611
1192, 603
1193, 616
1194, 597
1195, 587
1196, 604
1197, 618
1198, 606
1199, 606
1200, 595
1201, 600
1202, 605
1203, 601
1204, 590
1205, 605
1206, 608
1207, 602
1208, 608
1209, 609
1210, 628
1211, 636
1212, 618
1213, 602
1214, 614
1215, 612
1216, 607
1217, 598
1218, 590
1219, 599
1220, 590
1221, 601
1222, 620
1223, 649
1224, 599
1225, 614
1226, 593
1227, 595
1228, 596
1229, 602
1230, 619
1231, 592
1232, 616
1233, 599
1234, 610
1235, 596
1236, 602
1237, 589
1238, 613
1239, 611
1240, 597
1241, 610
1242, 611
1243, 611
1244, 613
1245, 603
1246, 595
1247, 631
1248, 599
1249, 594
1250, 631
1251, 607
1252, 611
1253, 609
1254, 607
1255, 640
1256, 601
1257, 639
1258, 617
1259, 597
1260, 604
1261, 598
1262, 599
1263, 620
1264, 608
1265, 614
1266, 598
1267, 603
1268, 592
1269, 602
1270, 606
1271, 617
1272, 593
1273, 595
1274, 603
1275, 616
1276, 622
1277, 614
1278, 612
1279, 633
1280, 626
1281, 601
1282, 601
1283, 616
1284, 598
1285, 624
1286, 610
1287, 599
1288, 638
1289, 592
1290, 600
1291, 623
1292, 608
1293, 607
1294, 597
1295, 604
1296, 596
1297, 608
1298, 607
1299, 625
1300, 621
1301, 617
1302, 613
1303, 616
1304, 589
1305, 609
1306, 615
1307, 605
1308, 603
1309, 626
1310, 606
1311, 657
1312, 616
1313, 616
1314, 641
1315, 616
1316, 603
1317, 611
1318, 634
1319, 647
1320, 611
1321, 622
1322, 627
1323, 614
1324, 589
1325, 621
1326, 601
1327, 607
1328, 650
1329, 602
1330, 609
1331, 592
1332, 608
1333, 612
1334, 629
1335, 602
1336, 600
1337, 614
1338, 595
1339, 591
1340, 601
1341, 620
1342, 603
1343, 599
1344, 622
1345, 592
1346, 619
1347, 608
1348, 604
1349, 612
1350, 622
1351, 614
1352, 599
1353, 608
1354, 594
1355, 615
1356, 622
1357, 594
1358, 619
1359, 627
1360, 676
1361, 590
1362, 597
1363, 590
1364, 592
1365, 603
1366, 593
1367, 612
1368, 609
1369, 621
1370, 612
1371, 613
1372, 593
1373, 622
1374, 607
1375, 616
1376, 607
1377, 598
1378, 599
1379, 608
1380, 594
1381, 616
1382, 596
1383, 619
1384, 619
1385, 595
1386, 620
1387, 593
1388, 616
1389, 602
1390, 619
1391, 627
1392, 590
1393, 594
1394, 602
1395, 588
1396, 598
1397, 609
1398, 597
1399, 611
1400, 624
1401, 615
1402, 602
1403, 599
1404, 590
1405, 600
1406, 623
1407, 619
1408, 615
1409, 621
1410, 598
1411, 622
1412, 593
1413, 613
1414, 655
1415, 593
1416, 626
1417, 613
1418, 623
1419, 595
1420, 609
1421, 608
1422, 598
1423, 610
1424, 606
1425, 623
1426, 600
1427, 614
1428, 621
1429, 597
1430, 603
1431, 594
1432, 587
1433, 616
1434, 610
1435, 611
1436, 623
1437, 596
1438, 616
1439, 620
1440, 609
1441, 595
1442, 610
1443, 624
1444, 609
1445, 651
1446, 628
1447, 599
1448, 609
1449, 620
1450, 592
1451, 588
1452, 606
1453, 610
1454, 599
1455, 617
1456, 607
1457, 616
1458, 597
1459, 600
1460, 595
1461, 622
1462, 637
1463, 599
1464, 607
1465, 623
1466, 627
1467, 601
1468, 618
1469, 598
1470, 620
1471, 596
1472, 615
1473, 616
1474, 665
1475, 593
1476, 585
1477, 621
1478, 586
1479, 602
1480, 618
1481, 595
1482, 619
1483, 598
1484, 610
1485, 592
1486, 614
1487, 589
1488, 616
1489, 614
1490, 619
1491, 595
1492, 636
1493, 580
1494, 599
1495, 611
1496, 598
1497, 615
1498, 608
1499, 611
1500, 608
1501, 603
1502, 627
1503, 602
1504, 603
1505, 613
1506, 598
1507, 606
1508, 601
1509, 615
1510, 596
1511, 620
1512, 596
1513, 609
1514, 622
1515, 596
1516, 613
1517, 599
1518, 583
1519, 610
1520, 606
1521, 596
1522, 621
1523, 649
1524, 589
1525, 604
1526, 593
1527, 620
1528, 591
1529, 590
1530, 618
1531, 620
1532, 598
1533, 611
1534, 625
1535, 621
1536, 601
1537, 612
1538, 608
1539, 617
1540, 615
1541, 597
1542, 614
1543, 613
1544, 598
1545, 622
1546, 644
1547, 595
1548, 609
1549, 616
1550, 616
1551, 612
1552, 610
1553, 596
1554, 626
1555, 604
1556, 635
1557, 603
1558, 603
1559, 614
1560, 591
1561, 614
1562, 593
1563, 598
1564, 598
1565, 632
1566, 613
1567, 654
1568, 595
1569, 604
1570, 630
1571, 604
1572, 589
1573, 605
1574, 621
1575, 597
1576, 600
1577, 618
1578, 608
1579, 606
1580, 593
1581, 649
1582, 597
1583, 598
1584, 597
1585, 613
1586, 603
1587, 608
1588, 598
1589, 610
1590, 612
1591, 651
1592, 599
1593, 621
1594, 626
1595, 621
1596, 599
1597, 626
1598, 606
1599, 641
1600, 621
1601, 612
1602, 602
1603, 606
1604, 603
1605, 611
1606, 594
1607, 619
1608, 598
1609, 622
1610, 601
1611, 606
1612, 605
1613, 612
1614, 608
1615, 602
1616, 612
1617, 626
1618, 613
1619, 618
1620, 625
1621, 601
1622, 594
1623, 588
1624, 625
1625, 625
1626, 597
1627, 617
1628, 638
1629, 613
1630, 618
1631, 605
1632, 606
1633, 594
1634, 650
1635, 617
1636, 627
1637, 597
1638, 604
1639, 609
1640, 600
1641, 610
1642, 598
1643, 605
1644, 610
1645, 606
1646, 605
1647, 609
1648, 610
1649, 630
1650, 619
1651, 598
1652, 603
1653, 602
1654, 609
1655, 623
1656, 600
1657, 606
1658, 599
1659, 610
1660, 632
1661, 614
1662, 596
1663, 610
1664, 612
1665, 598
1666, 591
1667, 628
1668, 601
1669, 604
1670, 598
1671, 612
1672, 617
1673, 626
1674, 598
1675, 606
1676, 602
1677, 606
1678, 602
1679, 600
1680, 594
1681, 621
1682, 616
1683, 588
1684, 612
1685, 623
1686, 623
1687, 600
1688, 601
1689, 600
1690, 595
1691, 616
1692, 611
1693, 625
1694, 602
1695, 627
1696, 611
1697, 591
1698, 616
1699, 619
1700, 592
1701, 612
1702, 597
1703, 627
1704, 597
1705, 596
1706, 611
1707, 648
1708, 616
1709, 615
1710, 612
1711, 630
1712, 610
1713, 610
1714, 620
1715, 624
1716, 612
1717, 612
1718, 617
1719, 610
1720, 620
1721, 601
1722, 615
1723, 620
1724, 611
1725, 591
1726, 617
1727, 588
1728, 620
1729, 598
1730, 598
1731, 602
1732, 612
1733, 604
1734, 595
1735, 595
1736, 610
1737, 609
1738, 600
1739, 595
1740, 592
1741, 593
1742, 616
1743, 622
1744, 620
1745, 610
1746, 604
1747, 628
1748, 629
1749, 598
1750, 612
1751, 601
1752, 606
1753, 600
1754, 611
1755, 601
1756, 639
1757, 624
1758, 597
1759, 626
1760, 607
1761, 613
1762, 606
1763, 614
1764, 601
1765, 588
1766, 595
1767, 624
1768, 630
1769, 611
1770, 597
1771, 606
1772, 590
1773, 590
1774, 605
1775, 625
1776, 613
1777, 608
1778, 590
1779, 608
1780, 596
1781, 626
1782, 595
1783, 615
1784, 641
1785, 597
1786, 611
1787, 599
1788, 591
1789, 610
1790, 596
1791, 606
1792, 594
1793, 605
1794, 627
1795, 603
1796, 600
1797, 602
1798, 594
1799, 591
1800, 606
1801, 623
1802, 604
1803, 612
1804, 592
1805, 621
1806, 597
1807, 613
1808, 629
1809, 607
1810, 607
1811, 600
1812, 636
1813, 597
1814, 601
1815, 599
1816, 597
1817, 601
1818, 589
1819, 600
1820, 595
1821, 626
1822, 591
1823, 599
1824, 593
1825, 606
1826, 613
1827, 608
1828, 610
1829, 615
1830, 599
1831, 607
1832, 613
1833, 608
1834, 617
1835, 609
1836, 619
1837, 625
1838, 617
1839, 618
1840, 610
1841, 596
1842, 589
1843, 615
1844, 612
1845, 586
1846, 611
1847, 622
1848, 615
1849, 613
1850, 592
1851, 629
1852, 603
1853, 606
1854, 617
1855, 598
1856, 608
1857, 619
1858, 593
1859, 628
1860, 607
1861, 590
1862, 610
1863, 609
1864, 600
1865, 612
1866, 610
1867, 604
1868, 610
1869, 601
1870, 610
1871, 610
1872, 630
1873, 594
1874, 598
1875, 613
1876, 600
1877, 593
1878, 2641
1879, 596
1880, 606
1881, 591
1882, 602
1883, 604
1884, 619
1885, 621
1886, 605
1887, 610
1888, 605
1889, 615
1890, 604
1891, 605
1892, 608
1893, 597
1894, 591
1895, 616
1896, 613
1897, 599
1898, 598
1899, 592
1900, 604
1901, 605
1902, 649
1903, 597
1904, 595
1905, 601
1906, 619
1907, 598
1908, 613
1909, 635
1910, 612
1911, 609
1912, 604
1913, 592
1914, 618
1915, 591
1916, 590
1917, 596
1918, 606
1919, 597
1920, 653
1921, 591
1922, 587
1923, 608
1924, 615
1925, 585
1926, 602
1927, 604
1928, 619
1929, 618
1930, 609
1931, 628
1932, 623
1933, 596
1934, 595
1935, 610
1936, 616
1937, 594
1938, 619
1939, 580
1940, 608
1941, 595
1942, 605
1943, 620
1944, 619
1945, 603
1946, 620
1947, 613
1948, 608
1949, 615
1950, 608
1951, 588
1952, 596
1953, 589
1954, 601
1955, 594
1956, 625
1957, 606
1958, 601
1959, 595
1960, 605
1961, 613
1962, 599
1963, 590
1964, 613
1965, 620
1966, 602
1967, 605
1968, 599
1969, 600
1970, 612
1971, 596
1972, 601
1973, 615
1974, 612
1975, 607
1976, 606
1977, 592
1978, 608
1979, 611
1980, 608
1981, 582
1982, 604
1983, 607
1984, 599
1985, 618
1986, 616
1987, 600
1988, 594
1989, 598
1990, 628
1991, 622
1992, 592
1993, 605
1994, 596
1995, 617
1996, 592
1997, 625
1998, 599
1999, 615
2000, 622
2001, 595
2002, 614
2003, 629
2004, 593
2005, 627
2006, 599
2007, 597
2008, 610
2009, 600
2010, 622
2011, 609
2012, 602
2013, 588
2014, 607
2015, 625
2016, 607
2017, 630
2018, 623
2019, 587
2020, 623
2021, 593
2022, 632
2023, 608
2024, 636
2025, 609
2026, 648
2027, 611
2028, 589
2029, 613
2030, 606
2031, 623
2032, 587
2033, 605
2034, 613
2035, 598
2036, 643
2037, 602
2038, 599
2039, 626
2040, 600
2041, 595
2042, 617
2043, 604
2044, 594
2045, 598
2046, 619
2047, 608
2048, 666
2049, 607
2050, 606
2051, 606
2052, 612
2053, 606
2054, 631
2055, 598
2056, 605
2057, 608
2058, 610
2059, 624
2060, 595
2061, 629
2062, 601
2063, 600
2064, 623
2065, 616
2066, 600
2067, 609
2068, 610
2069, 607
2070, 605
2071, 591
2072, 602
2073, 612
2074, 605
2075, 603
2076, 605
2077, 622
2078, 611
2079, 594
2080, 599
2081, 606
2082, 597
2083, 591
2084, 599
2085, 603
2086, 621
2087, 603
2088, 613
2089, 609
2090, 591
2091, 619
2092, 607
2093, 592
2094, 597
2095, 611
2096, 610
2097, 616
2098, 613
2099, 599
2100, 623
2101, 621
2102, 625
2103, 628
2104, 605
2105, 600
2106, 619
2107, 619
2108, 618
2109, 594
2110, 607
2111, 599
2112, 597
2113, 609
2114, 614
2115, 598
2116, 611
2117, 598
2118, 616
2119, 607
2120, 598
2121, 602
2122, 589
2123, 599
2124, 604
2125, 605
2126, 601
2127, 610
2128, 599
2129, 594
2130, 606
2131, 611
2132, 610
2133, 592
2134, 613
2135, 606
2136, 604
2137, 601
2138, 608
2139, 628
2140, 618
2141, 608
2142, 592
2143, 625
2144, 589
2145, 595
2146, 605
2147, 612
2148, 610
2149, 589
2150, 632
2151, 595
2152, 616
2153, 643
2154, 610
2155, 620
2156, 592
2157, 611
2158, 595
2159, 628
2160, 590
2161, 616
2162, 615
2163, 596
2164, 596
2165, 610
2166, 603
2167, 594
2168, 605
2169, 611
2170, 618
2171, 617
2172, 596
2173, 598
2174, 581
2175, 602
2176, 622
2177, 617
2178, 605
2179, 585
2180, 618
2181, 596
2182, 598
2183, 608
2184, 646
2185, 622
2186, 598
2187, 625
2188, 598
2189, 622
2190, 592
2191, 598
2192, 600
2193, 608
2194, 595
2195, 612
2196, 613
2197, 605
2198, 593
2199, 612
2200, 596
2201, 600
2202, 619
2203, 653
2204, 595
2205, 603
2206, 619
2207, 594
2208, 596
2209, 602
2210, 613
2211, 610
2212, 615
2213, 608
2214, 592
2215, 625
2216, 594
2217, 596
2218, 592
2219, 626
2220, 628
2221, 594
2222, 599
2223, 596
2224, 607
2225, 583
2226, 621
2227, 598
2228, 601
2229, 614
2230, 619
2231, 592
2232, 610
2233, 602
2234, 650
2235, 610
2236, 611
2237, 620
2238, 605
2239, 591
2240, 598
2241, 595
2242, 612
2243, 599
2244, 604
2245, 623
2246, 616
2247, 612
2248, 614
2249, 599
2250, 604
2251, 608
2252, 597
2253, 611
2254, 624
2255, 597
2256, 624
2257, 598
2258, 609
2259, 620
2260, 604
2261, 592
2262, 592
2263, 601
2264, 588
2265, 598
2266, 598
2267, 601
2268, 598
2269, 602
2270, 597
2271, 601
2272, 587
2273, 626
2274, 600
2275, 604
2276, 625
2277, 596
2278, 601
2279, 612
2280, 606
2281, 592
2282, 600
2283, 612
2284, 598
2285, 618
2286, 606
2287, 599
2288, 601
2289, 630
2290, 601
2291, 598
2292, 590
2293, 596
2294, 589
2295, 622
2296, 600
2297, 608
2298, 609
2299, 622
2300, 620
2301, 601
2302, 597
2303, 591
2304, 626
2305, 597
2306, 603
2307, 623
2308, 592
2309, 605
2310, 621
2311, 593
2312, 597
2313, 641
2314, 608
2315, 593
2316, 597
2317, 608
2318, 621
2319, 600
2320, 604
2321, 610
2322, 621
2323, 612
2324, 612
2325, 606
2326, 600
2327, 605
2328, 622
2329, 595
2330, 627
2331, 607
2332, 597
2333, 614
2334, 620
2335, 608
2336, 594
2337, 599
2338, 602
2339, 626
2340, 625
2341, 605
2342, 596
2343, 600
2344, 599
2345, 611
2346, 595
2347, 597
2348, 611
2349, 602
2350, 592
2351, 616
2352, 606
2353, 598
2354, 585
2355, 591
2356, 610
2357, 595
2358, 608
2359, 598
2360, 598
2361, 608
2362, 604
2363, 599
2364, 605
2365, 611
2366, 595
2367, 598
2368, 616
2369, 609
2370, 601
2371, 597
2372, 625
2373, 602
2374, 608
2375, 594
2376, 610
2377, 585
2378, 627
2379, 603
2380, 601
2381, 619
2382, 614
2383, 601
2384, 624
2385, 595
2386, 601
2387, 603
2388, 604
2389, 599
2390, 602
2391, 599
2392, 609
2393, 583
2394, 599
2395, 600
2396, 611
2397, 606
2398, 609
2399, 621
2400, 595
2401, 600
2402, 602
2403, 593
2404, 619
2405, 599
2406, 612
2407, 597
2408, 607
2409, 597
2410, 611
2411, 603
2412, 601
2413, 601
2414, 618
2415, 586
2416, 632
2417, 610
2418, 591
2419, 605
2420, 614
2421, 604
2422, 606
2423, 601
2424, 625
2425, 598
2426, 598
2427, 624
2428, 595
2429, 593
2430, 599
2431, 610
2432, 626
2433, 603
2434, 610
2435, 608
2436, 607
2437, 676
2438, 621
2439, 608
2440, 605
2441, 611
2442, 636
2443, 617
2444, 623
2445, 598
2446, 606
2447, 607
2448, 597
2449, 610
2450, 604
2451, 605
2452, 613
2453, 626
2454, 595
2455, 600
2456, 599
2457, 631
2458, 601
2459, 597
2460, 593
2461, 610
2462, 600
2463, 620
2464, 609
2465, 609
2466, 596
2467, 615
2468, 610
2469, 600
2470, 598
2471, 605
2472, 601
2473, 607
2474, 603
2475, 595
2476, 623
2477, 598
2478, 607
2479, 617
2480, 602
2481, 611
2482, 601
2483, 608
2484, 593
2485, 613
2486, 598
2487, 630
2488, 595
2489, 597
2490, 612
2491, 597
2492, 616
2493, 605
2494, 624
2495, 623
2496, 612
2497, 597
2498, 626
2499, 602
2500, 624
2501, 630
2502, 593
2503, 626
2504, 599
2505, 598
2506, 609
2507, 610
2508, 608
2509, 600
2510, 607
2511, 608
2512, 595
2513, 606
2514, 611
2515, 603
2516, 618
2517, 627
2518, 600
2519, 616
2520, 602
2521, 644
2522, 615
2523, 618
2524, 602
2525, 585
2526, 602
2527, 628
2528, 603
2529, 627
2530, 601
2531, 601
2532, 624
2533, 596
2534, 608
2535, 606
2536, 615
2537, 651
2538, 597
2539, 610
2540, 592
2541, 622
2542, 614
2543, 605
2544, 604
2545, 598
2546, 610
2547, 601
2548, 609
2549, 631
2550, 655
2551, 637
2552, 607
2553, 603
2554, 621
2555, 624
2556, 608
2557, 638
2558, 630
2559, 609
2560, 615
2561, 598
2562, 596
2563, 592
2564, 607
2565, 622
2566, 584
2567, 597
2568, 603
2569, 595
2570, 660
2571, 605
2572, 655
2573, 593
2574, 609
2575, 615
2576, 598
2577, 598
2578, 595
2579, 598
2580, 616
2581, 597
2582, 597
2583, 669
2584, 614
2585, 604
2586, 583
2587, 595
2588, 619
2589, 608
2590, 599
2591, 596
2592, 617
2593, 625
2594, 627
2595, 611
2596, 624
2597, 601
2598, 642
2599, 599
2600, 600
2601, 611
2602, 603
2603, 638
2604, 611
2605, 627
2606, 606
2607, 606
2608, 590
2609, 617
2610, 610
2611, 601
2612, 600
2613, 593
2614, 607
2615, 621
2616, 601
2617, 612
2618, 626
2619, 600
2620, 625
2621, 625
2622, 602
2623, 596
2624, 593
2625, 593
2626, 600
2627, 622
2628, 600
2629, 622
2630, 618
2631, 624
2632, 622
2633, 597
2634, 591
2635, 620
2636, 600
2637, 604
2638, 583
2639, 613
2640, 609
2641, 599
2642, 597
2643, 604
2644, 611
2645, 625
2646, 601
2647, 624
2648, 608
2649, 641
2650, 598
2651, 591
2652, 595
2653, 616
2654, 592
2655, 597
2656, 598
2657, 601
2658, 590
2659, 651
2660, 591
2661, 595
2662, 599
2663, 622
2664, 600
2665, 617
2666, 601
2667, 583
2668, 622
2669, 605
2670, 637
2671, 592
2672, 602
2673, 623
2674, 609
2675, 611
2676, 633
2677, 607
2678, 621
2679, 596
2680, 604
2681, 624
2682, 608
2683, 622
2684, 601
2685, 599
2686, 580
2687, 604
2688, 584
2689, 627
2690, 619
2691, 630
2692, 625
2693, 617
2694, 616
2695, 608
2696, 616
2697, 589
2698, 620
2699, 609
2700, 605
2701, 599
2702, 593
2703, 602
2704, 596
2705, 592
2706, 600
2707, 610
2708, 606
2709, 609
2710, 603
2711, 614
2712, 598
2713, 597
2714, 605
2715, 598
2716, 619
2717, 617
2718, 610
2719, 626
2720, 609
2721, 607
2722, 625
2723, 598
2724, 598
2725, 583
2726, 607
2727, 603
2728, 620
2729, 600
2730, 601
2731, 605
2732, 609
2733, 614
2734, 606
2735, 623
2736, 593
2737, 608
2738, 599
2739, 589
2740, 612
2741, 618
2742, 598
2743, 605
2744, 605
2745, 620
2746, 616
2747, 609
2748, 606
2749, 606
2750, 608
2751, 594
2752, 598
2753, 606
2754, 593
2755, 587
2756, 624
2757, 594
2758, 619
2759, 618
2760, 632
2761, 626
2762, 610
2763, 596
2764, 595
2765, 596
2766, 629
2767, 611
2768, 601
2769, 599
2770, 626
2771, 601
2772, 603
2773, 624
2774, 606
2775, 599
2776, 597
2777, 609
2778, 615
2779, 588
2780, 599
2781, 631
2782, 597
2783, 620
2784, 626
2785, 597
2786, 607
2787, 598
2788, 617
2789, 600
2790, 593
2791, 601
2792, 626
2793, 625
2794, 600
2795, 614
2796, 628
2797, 600
2798, 615
2799, 629
2800, 586
2801, 606
2802, 600
2803, 601
2804, 614
2805, 620
2806, 602
2807, 606
2808, 600
2809, 598
2810, 619
2811, 633
2812, 613
2813, 607
2814, 589
2815, 607
2816, 617
2817, 585
2818, 597
2819, 610
2820, 607
2821, 625
2822, 600
2823, 591
2824, 594
2825, 609
2826, 598
2827, 598
2828, 610
2829, 607
2830, 594
2831, 620
2832, 598
2833, 607
2834, 605
2835, 624
2836, 619
2837, 598
2838, 607
2839, 613
2840, 624
2841, 616
2842, 594
2843, 609
2844, 599
2845, 601
2846, 592
2847, 614
2848, 600
2849, 625
2850, 601
2851, 624
2852, 613
2853, 2872
2854, 649
2855, 593
2856, 608
2857, 596
2858, 617
2859, 605
2860, 600
2861, 621
2862, 594
2863, 604
2864, 625
2865, 608
2866, 610
2867, 607
2868, 609
2869, 597
2870, 620
2871, 599
2872, 601
2873, 608
2874, 617
2875, 609
2876, 600
2877, 594
2878, 619
2879, 594
2880, 603
2881, 624
2882, 631
2883, 594
2884, 609
2885, 606
2886, 606
2887, 593
2888, 619
2889, 592
2890, 608
2891, 594
2892, 614
2893, 635
2894, 600
2895, 607
2896, 605
2897, 602
2898, 618
2899, 589
2900, 606
2901, 627
2902, 602
2903, 588
2904, 626
2905, 625
2906, 619
2907, 606
2908, 583
2909, 600
2910, 615
2911, 595
2912, 599
2913, 602
2914, 600
2915, 598
2916, 596
2917, 610
2918, 598
2919, 621
2920, 608
2921, 605
2922, 594
2923, 596
2924, 607
2925, 595
2926, 609
2927, 595
2928, 594
2929, 594
2930, 595
2931, 616
2932, 596
2933, 622
2934, 599
2935, 600
2936, 616
2937, 600
2938, 625
2939, 609
2940, 593
2941, 601
2942, 597
2943, 597
2944, 595
2945, 608
2946, 594
2947, 600
2948, 2804
2949, 602
2950, 602
2951, 590
2952, 626
2953, 616
2954, 607
2955, 606
2956, 593
2957, 600
2958, 594
2959, 595
2960, 608
2961, 602
2962, 599
2963, 606
2964, 599
2965, 601
2966, 616
2967, 601
2968, 597
2969, 599
2970, 595
2971, 609
2972, 625
2973, 605
2974, 620
2975, 590
2976, 607
2977, 624
2978, 592
2979, 616
2980, 617
2981, 609
2982, 601
2983, 597
2984, 595
2985, 598
2986, 597
2987, 601
2988, 606
2989, 583
2990, 624
2991, 607
2992, 598
2993, 599
2994, 592
2995, 607
2996, 608
2997, 596
2998, 596
2999, 628
3000, 672
3001, 610
3002, 622
3003, 609
3004, 612
3005, 592
3006, 615
3007, 610
3008, 613
3009, 598
3010, 598
3011, 601
3012, 610
3013, 592
3014, 590
3015, 604
3016, 621
3017, 596
3018, 644
3019, 598
3020, 588
3021, 610
3022, 599
3023, 602
3024, 629
3025, 605
3026, 606
3027, 608
3028, 597
3029, 595
3030, 599
3031, 593
3032, 618
3033, 604
3034, 598
3035, 599
3036, 609
3037, 598
3038, 600
3039, 612
3040, 601
3041, 615
3042, 603
3043, 601
3044, 595
3045, 644
3046, 609
3047, 625
3048, 595
3049, 593
3050, 592
3051, 611
3052, 604
3053, 610
3054, 595
3055, 619
3056, 606
3057, 626
3058, 598
3059, 599
3060, 613
3061, 597
3062, 597
3063, 609
3064, 619
3065, 607
3066, 619
3067, 614
3068, 606
3069, 601
3070, 625
3071, 610
3072, 597
3073, 621
3074, 614
3075, 601
3076, 620
3077, 630
3078, 596
3079, 597
3080, 638
3081, 621
3082, 601
3083, 597
3084, 595
3085, 594
3086, 600
3087, 611
3088, 618
3089, 611
3090, 602
3091, 620
3092, 606
3093, 623
3094, 624
3095, 620
3096, 596
3097, 628
3098, 625
3099, 603
3100, 601
3101, 600
3102, 600
3103, 607
3104, 595
3105, 615
3106, 597
3107, 599
3108, 601
3109, 594
3110, 594
3111, 595
3112, 619
3113, 628
3114, 602
3115, 594
3116, 594
3117, 624
3118, 600
3119, 612
3120, 596
3121, 594
3122, 632
3123, 623
3124, 598
3125, 610
3126, 609
3127, 595
3128, 606
3129, 610
3130, 598
3131, 595
3132, 593
3133, 618
3134, 611
3135, 596
3136, 601
3137, 596
3138, 622
3139, 617
3140, 617
3141, 603
3142, 583
3143, 595
3144, 600
3145, 615
3146, 605
3147, 610
3148, 601
3149, 608
3150, 615
3151, 600
3152, 599
3153, 594
3154, 597
3155, 616
3156, 626
3157, 626
3158, 595
3159, 625
3160, 639
3161, 610
3162, 606
3163, 622
3164, 622
3165, 598
3166, 618
3167, 598
3168, 615
3169, 592
3170, 607
3171, 598
3172, 626
3173, 598
3174, 624
3175, 599
3176, 622
3177, 607
3178, 605
3179, 598
3180, 602
3181, 601
3182, 621
3183, 598
3184, 600
3185, 621
3186, 603
3187, 582
3188, 597
3189, 596
3190, 620
3191, 594
3192, 593
3193, 602
3194, 604
3195, 624
3196, 617
3197, 598
3198, 607
3199, 594
3200, 629
3201, 600
3202, 619
3203, 608
3204, 599
3205, 613
3206, 597
3207, 611
3208, 610
3209, 594
3210, 605
3211, 608
3212, 598
3213, 602
3214, 583
3215, 604
3216, 600
3217, 603
3218, 598
3219, 595
3220, 606
3221, 593
3222, 607
3223, 588
3224, 611
3225, 626
3226, 600
3227, 594
3228, 606
3229, 628
3230, 602
3231, 627
3232, 615
3233, 606
3234, 626
3235, 599
3236, 636
3237, 601
3238, 646
3239, 608
3240, 617
3241, 588
3242, 603
3243, 614
3244, 601
3245, 623
3246, 596
3247, 590
3248, 597
3249, 605
3250, 601
3251, 609
3252, 598
3253, 607
3254, 625
3255, 608
3256, 598
3257, 593
3258, 594
3259, 596
3260, 600
3261, 601
3262, 595
3263, 618
3264, 593
3265, 622
3266, 606
3267, 599
3268, 626
3269, 607
3270, 622
3271, 591
3272, 612
3273, 592
3274, 625
3275, 582
3276, 619
3277, 609
3278, 595
3279, 599
3280, 613
3281, 598
3282, 623
3283, 625
3284, 597
3285, 613
3286, 632
3287, 600
3288, 599
3289, 601
3290, 596
3291, 606
3292, 597
3293, 605
3294, 609
3295, 608
3296, 614
3297, 594
3298, 608
3299, 608
3300, 590
3301, 612
3302, 609
3303, 622
3304, 602
3305, 595
3306, 604
3307, 600
3308, 598
3309, 608
3310, 602
3311, 593
3312, 610
3313, 598
3314, 609
3315, 600
3316, 596
3317, 607
3318, 607
3319, 600
3320, 598
3321, 593
3322, 590
3323, 601
3324, 593
3325, 606
3326, 593
3327, 606
3328, 597
3329, 623
3330, 607
3331, 633
3332, 600
3333, 601
3334, 607
3335, 625
3336, 599
3337, 604
3338, 605
3339, 610
3340, 606
3341, 598
3342, 625
3343, 610
3344, 608
3345, 597
3346, 592
3347, 602
3348, 596
3349, 598
3350, 595
3351, 616
3352, 598
3353, 607
3354, 625
3355, 617
3356, 617
3357, 602
3358, 611
3359, 602
3360, 599
3361, 606
3362, 597
3363, 592
3364, 599
3365, 585
3366, 601
3367, 638
3368, 603
3369, 596
3370, 593
3371, 627
3372, 613
3373, 596
3374, 619
3375, 597
3376, 598
3377, 600
3378, 622
3379, 626
3380, 621
3381, 618
3382, 609
3383, 599
3384, 608
3385, 599
3386, 627
3387, 613
3388, 621
3389, 595
3390, 608
3391, 609
3392, 635
3393, 608
3394, 597
3395, 626
3396, 607
3397, 623
3398, 599
3399, 607
3400, 612
3401, 617
3402, 614
3403, 620
3404, 600
3405, 652
3406, 632
3407, 589
3408, 627
3409, 610
3410, 599
3411, 624
3412, 626
3413, 616
3414, 616
3415, 618
3416, 594
3417, 594
3418, 606
3419, 609
3420, 608
3421, 590
3422, 615
3423, 600
3424, 599
3425, 608
3426, 626
3427, 606
3428, 617
3429, 593
3430, 613
3431, 610
3432, 618
3433, 629
3434, 626
3435, 599
3436, 596
3437, 625
3438, 598
3439, 618
3440, 629
3441, 596
3442, 609
3443, 611
3444, 596
3445, 604
3446, 602
3447, 601
3448, 592
3449, 594
3450, 600
3451, 610
3452, 623
3453, 597
3454, 595
3455, 598
3456, 640
3457, 626
3458, 605
3459, 620
3460, 610
3461, 593
3462, 590
3463, 606
3464, 610
3465, 602
3466, 597
3467, 590
3468, 622
3469, 610
3470, 588
3471, 626
3472, 597
3473, 649
3474, 602
3475, 609
3476, 600
3477, 607
3478, 621
3479, 601
3480, 627
3481, 617
3482, 593
3483, 601
3484, 625
3485, 588
3486, 601
3487, 620
3488, 601
3489, 593
3490, 603
3491, 603
3492, 610
3493, 600
3494, 619
3495, 602
3496, 595
3497, 626
3498, 595
3499, 622
3500, 599
3501, 622
3502, 598
3503, 598
3504, 592
3505, 598
3506, 608
3507, 595
3508, 610
3509, 600
3510, 606
3511, 602
3512, 604
3513, 622
3514, 644
3515, 633
3516, 623
3517, 619
3518, 593
3519, 608
3520, 601
3521, 619
3522, 596
3523, 602
3524, 608
3525, 607
3526, 597
3527, 597
3528, 605
3529, 601
3530, 605
3531, 621
3532, 617
3533, 608
3534, 600
3535, 601
3536, 599
3537, 607
3538, 597
3539, 620
3540, 591
3541, 593
3542, 599
3543, 598
3544, 624
3545, 608
3546, 599
3547, 609
3548, 626
3549, 601
3550, 595
3551, 598
3552, 625
3553, 600
3554, 601
3555, 609
3556, 598
3557, 597
3558, 619
3559, 583
3560, 601
3561, 625
3562, 605
3563, 598
3564, 604
3565, 601
3566, 622
3567, 615
3568, 595
3569, 604
3570, 597
3571, 608
3572, 628
3573, 602
3574, 624
3575, 599
3576, 594
3577, 596
3578, 598
3579, 612
3580, 608
3581, 601
3582, 609
3583, 606
3584, 608
3585, 598
3586, 627
3587, 594
3588, 599
3589, 621
3590, 625
3591, 600
3592, 609
3593, 626
3594, 604
3595, 596
3596, 596
3597, 595
3598, 594
3599, 611
3600, 622
3601, 618
3602, 615
3603, 589
3604, 622
3605, 600
3606, 608
3607, 619
3608, 654
3609, 603
3610, 624
3611, 598
3612, 602
3613, 594
3614, 608
3615, 617
3616, 597
3617, 602
3618, 610
3619, 619
3620, 611
3621, 624
3622, 609
3623, 598
3624, 632
3625, 619
3626, 597
3627, 584
3628, 588
3629, 597
3630, 607
3631, 597
3632, 616
3633, 589
3634, 603
3635, 624
3636, 627
3637, 602
3638, 643
3639, 632
3640, 632
3641, 615
3642, 617
3643, 602
3644, 610
3645, 607
3646, 599
3647, 593
3648, 602
3649, 596
3650, 601
3651, 607
3652, 597
3653, 593
3654, 618
3655, 617
3656, 614
3657, 609
3658, 595
3659, 587
3660, 614
3661, 584
3662, 605
3663, 599
3664, 621
3665, 599
3666, 583
3667, 606
3668, 634
3669, 628
3670, 619
3671, 592
3672, 620
3673, 590
3674, 610
3675, 612
3676, 606
3677, 608
3678, 594
3679, 629
3680, 620
3681, 618
3682, 609
3683, 599
3684, 598
3685, 599
3686, 607
3687, 628
3688, 600
3689, 600
3690, 608
3691, 604
3692, 600
3693, 597
3694, 607
3695, 610
3696, 605
3697, 601
3698, 595
3699, 596
3700, 677
3701, 592
3702, 614
3703, 619
3704, 612
3705, 595
3706, 594
3707, 615
3708, 592
3709, 617
3710, 594
3711, 626
3712, 616
3713, 605
3714, 629
3715, 595
3716, 607
3717, 608
3718, 622
3719, 625
3720, 599
3721, 595
3722, 599
3723, 601
3724, 621
3725, 613
3726, 602
3727, 610
3728, 596
3729, 610
3730, 593
3731, 595
3732, 607
3733, 594
3734, 626
3735, 602
3736, 606
3737, 629
3738, 610
3739, 605
3740, 594
3741, 599
3742, 615
3743, 605
3744, 597
3745, 650
3746, 620
3747, 596
3748, 621
3749, 618
3750, 609
3751, 599
3752, 594
3753, 598
3754, 604
3755, 612
3756, 617
3757, 598
3758, 616
3759, 597
3760, 598
3761, 595
3762, 592
3763, 608
3764, 589
3765, 595
3766, 595
3767, 596
3768, 611
3769, 616
3770, 610
3771, 626
3772, 599
3773, 630
3774, 616
3775, 618
3776, 595
3777, 598
3778, 613
3779, 620
3780, 618
3781, 596
3782, 2532
3783, 612
3784, 594
3785, 623
3786, 596
3787, 592
3788, 606
3789, 624
3790, 625
3791, 624
3792, 627
3793, 590
3794, 583
3795, 623
3796, 594
3797, 608
3798, 605
3799, 610
3800, 605
3801, 601
3802, 625
3803, 624
3804, 600
3805, 596
3806, 603
3807, 606
3808, 590
3809, 608
3810, 594
3811, 590
3812, 621
3813, 603
3814, 606
3815, 632
3816, 595
3817, 611
3818, 598
3819, 625
3820, 613
3821, 603
3822, 607
3823, 625
3824, 607
3825, 602
3826, 633
3827, 622
3828, 596
3829, 602
3830, 611
3831, 602
3832, 621
3833, 600
3834, 598
3835, 608
3836, 624
3837, 596
3838, 605
3839, 597
3840, 607
3841, 619
3842, 606
3843, 592
3844, 612
3845, 614
3846, 591
3847, 600
3848, 607
3849, 623
3850, 624
3851, 626
3852, 625
3853, 625
3854, 627
3855, 593
3856, 602
3857, 595
3858, 596
3859, 626
3860, 630
3861, 598
3862, 610
3863, 618
3864, 595
3865, 597
3866, 583
3867, 603
3868, 597
3869, 623
3870, 612
3871, 636
3872, 673
3873, 609
3874, 601
3875, 634
3876, 597
3877, 614
3878, 621
3879, 587
3880, 582
3881, 598
3882, 595
3883, 612
3884, 598
3885, 628
3886, 581
3887, 637
3888, 597
3889, 616
3890, 608
3891, 621
3892, 596
3893, 626
3894, 627
3895, 613
3896, 589
3897, 645
3898, 601
3899, 595
3900, 609
3901, 596
3902, 621
3903, 624
3904, 610
3905, 593
3906, 596
3907, 606
3908, 608
3909, 596
3910, 598
3911, 629
3912, 608
3913, 613
3914, 624
3915, 607
3916, 607
3917, 588
3918, 597
3919, 600
3920, 592
3921, 599
3922, 631
3923, 615
3924, 596
3925, 597
3926, 597
3927, 596
3928, 638
3929, 595
3930, 626
3931, 614
3932, 605
3933, 590
3934, 594
3935, 599
3936, 625
3937, 627
3938, 609
3939, 607
3940, 608
3941, 594
3942, 603
3943, 607
3944, 2521
3945, 615
3946, 600
3947, 623
3948, 599
3949, 628
3950, 647
3951, 609
3952, 617
3953, 607
3954, 610
3955, 596
3956, 596
3957, 604
3958, 599
3959, 605
3960, 598
3961, 608
3962, 583
3963, 583
3964, 598
3965, 600
3966, 603
3967, 610
3968, 599
3969, 619
3970, 586
3971, 601
3972, 598
3973, 612
3974, 622
3975, 600
3976, 620
3977, 620
3978, 604
3979, 600
3980, 626
3981, 624
3982, 603
3983, 603
3984, 616
3985, 599
3986, 597
3987, 608
3988, 674
3989, 598
3990, 600
3991, 600
3992, 598
3993, 629
3994, 646
3995, 605
3996, 627
3997, 625
3998, 600
3999, 615
4000, 603
4001, 603
4002, 604
4003, 596
4004, 612
4005, 592
4006, 622
4007, 600
4008, 599
4009, 594
4010, 594
4011, 622
4012, 601
4013, 628
4014, 624
4015, 591
4016, 612
4017, 594
4018, 589
4019, 602
4020, 595
4021, 621
4022, 638
4023, 626
4024, 649
4025, 605
4026, 622
4027, 605
4028, 610
4029, 600
4030, 611
4031, 598
4032, 595
4033, 605
4034, 596
4035, 598
4036, 618
4037, 594
4038, 610
4039, 598
4040, 607
4041, 581
4042, 625
4043, 597
4044, 607
4045, 604
4046, 607
4047, 595
4048, 613
4049, 608
4050, 605
4051, 640
4052, 599
4053, 599
4054, 633
4055, 579
4056, 594
4057, 622
4058, 599
4059, 605
4060, 603
4061, 605
4062, 632
4063, 595
4064, 624
4065, 598
4066, 627
4067, 590
4068, 611
4069, 600
4070, 599
4071, 616
4072, 595
4073, 601
4074, 598
4075, 600
4076, 608
4077, 635
4078, 608
4079, 611
4080, 606
4081, 593
4082, 625
4083, 598
4084, 593
4085, 601
4086, 592
4087, 608
4088, 601
4089, 606
4090, 621
4091, 604
4092, 597
4093, 597
4094, 611
4095, 598
4096, 586
4097, 617
4098, 596
4099, 628
4100, 596
4101, 601
4102, 600
4103, 607
4104, 607
4105, 614
4106, 623
4107, 594
4108, 595
4109, 609
4110, 612
4111, 598
4112, 609
4113, 611
4114, 618
4115, 608
4116, 595
4117, 601
4118, 654
4119, 602
4120, 626
4121, 596
4122, 594
4123, 651
4124, 631
4125, 632
4126, 644
4127, 623
4128, 612
4129, 611
4130, 636
4131, 598
4132, 606
4133, 608
4134, 613
4135, 607
4136, 609
4137, 597
4138, 605
4139, 612
4140, 602
4141, 612
4142, 605
4143, 598
4144, 606
4145, 606
4146, 621
4147, 617
4148, 597
4149, 597
4150, 599
4151, 612
4152, 604
4153, 605
4154, 609
4155, 605
4156, 619
4157, 596
4158, 592
4159, 594
4160, 609
4161, 618
4162, 605
4163, 600
4164, 595
4165, 621
4166, 659
4167, 595
4168, 599
4169, 606
4170, 599
4171, 623
4172, 625
4173, 605
4174, 598
4175, 590
4176, 607
4177, 607
4178, 605
4179, 611
4180, 625
4181, 592
4182, 600
4183, 628
4184, 602
4185, 613
4186, 599
4187, 624
4188, 617
4189, 600
4190, 623
4191, 601
4192, 611
4193, 642
4194, 587
4195, 590
4196, 594
4197, 600
4198, 622
4199, 608
4200, 583
4201, 608
4202, 589
4203, 597
4204, 607
4205, 591
4206, 597
4207, 586
4208, 606
4209, 597
4210, 615
4211, 601
4212, 598
4213, 598
4214, 581
4215, 633
4216, 623
4217, 621
4218, 617
4219, 606
4220, 597
4221, 602
4222, 619
4223, 606
4224, 626
4225, 596
4226, 608
4227, 604
4228, 627
4229, 598
4230, 623
4231, 581
4232, 624
4233, 604
4234, 608
4235, 614
4236, 605
4237, 602
4238, 622
4239, 607
4240, 603
4241, 598
4242, 594
4243, 606
4244, 595
4245, 626
4246, 597
4247, 598
4248, 625
4249, 618
4250, 600
4251, 597
4252, 620
4253, 618
4254, 597
4255, 611
4256, 604
4257, 608
4258, 595
4259, 617
4260, 628
4261, 628
4262, 592
4263, 600
4264, 595
4265, 599
4266, 618
4267, 592
4268, 593
4269, 624
4270, 598
4271, 606
4272, 625
4273, 597
4274, 602
4275, 596
4276, 631
4277, 599
4278, 609
4279, 599
4280, 608
4281, 601
4282, 607
4283, 597
4284, 627
4285, 608
4286, 614
4287, 598
4288, 600
4289, 614
4290, 593
4291, 602
4292, 615
4293, 629
4294, 597
4295, 597
4296, 600
4297, 597
4298, 598
4299, 603
4300, 612
4301, 606
4302, 598
4303, 602
4304, 600
4305, 595
4306, 610
4307, 606
4308, 594
4309, 591
4310, 598
4311, 622
4312, 639
4313, 627
4314, 620
4315, 607
4316, 595
4317, 626
4318, 605
4319, 597
4320, 601
4321, 620
4322, 596
4323, 607
4324, 620
4325, 606
4326, 598
4327, 608
4328, 607
4329, 622
4330, 607
4331, 610
4332, 608
4333, 597
4334, 628
4335, 592
4336, 609
4337, 606
4338, 596
4339, 607
4340, 600
4341, 598
4342, 626
4343, 608
4344, 596
4345, 602
4346, 624
4347, 593
4348, 608
4349, 600
4350, 593
4351, 614
4352, 618
4353, 596
4354, 611
4355, 624
4356, 593
4357, 627
4358, 605
4359, 607
4360, 598
4361, 588
4362, 625
4363, 611
4364, 621
4365, 609
4366, 600
4367, 605
4368, 604
4369, 617
4370, 589
4371, 593
4372, 596
4373, 598
4374, 597
4375, 605
4376, 631
4377, 615
4378, 625
4379, 614
4380, 602
4381, 655
4382, 615
4383, 598
4384, 593
4385, 606
4386, 605
4387, 596
4388, 616
4389, 598
4390, 593
4391, 597
4392, 628
4393, 617
4394, 605
4395, 598
4396, 626
4397, 612
4398, 584
4399, 613
4400, 592
4401, 600
4402, 597
4403, 597
4404, 594
4405, 601
4406, 595
4407, 606
4408, 618
4409, 596
4410, 597
4411, 597
4412, 609
4413, 626
4414, 611
4415, 592
4416, 608
4417, 606
4418, 602
4419, 607
4420, 624
4421, 599
4422, 596
4423, 607
4424, 595
4425, 584
4426, 604
4427, 608
4428, 604
4429, 597
4430, 591
4431, 608
4432, 607
4433, 602
4434, 597
4435, 600
4436, 610
4437, 595
4438, 615
4439, 595
4440, 592
4441, 609
4442, 600
4443, 611
4444, 598
4445, 630
4446, 616
4447, 633
4448, 605
4449, 633
4450, 598
4451, 617
4452, 600
4453, 599
4454, 610
4455, 603
4456, 599
4457, 608
4458, 592
4459, 591
4460, 604
4461, 608
4462, 628
4463, 599
4464, 628
4465, 594
4466, 601
4467, 597
4468, 607
4469, 597
4470, 594
4471, 618
4472, 608
4473, 595
4474, 597
4475, 597
4476, 599
4477, 597
4478, 599
4479, 596
4480, 609
4481, 602
4482, 590
4483, 603
4484, 590
4485, 625
4486, 589
4487, 599
4488, 623
4489, 601
4490, 598
4491, 599
4492, 627
4493, 619
4494, 610
4495, 593
4496, 594
4497, 602
4498, 593
4499, 620
4500, 589
4501, 620
4502, 596
4503, 597
4504, 610
4505, 596
4506, 625
4507, 595
4508, 605
4509, 582
4510, 611
4511, 599
4512, 611
4513, 604
4514, 597
4515, 610
4516, 597
4517, 617
4518, 611
4519, 614
4520, 597
4521, 604
4522, 610
4523, 605
4524, 614
4525, 600
4526, 604
4527, 609
4528, 620
4529, 608
4530, 595
4531, 614
4532, 618
4533, 624
4534, 635
4535, 602
4536, 599
4537, 600
4538, 603
4539, 604
4540, 643
4541, 597
4542, 597
4543, 593
4544, 600
4545, 627
4546, 606
4547, 600
4548, 605
4549, 635
4550, 597
4551, 601
4552, 604
4553, 597
4554, 608
4555, 594
4556, 611
4557, 627
4558, 620
4559, 602
4560, 597
4561, 597
4562, 601
4563, 594
4564, 637
4565, 594
4566, 625
4567, 603
4568, 610
4569, 609
4570, 587
4571, 598
4572, 624
4573, 599
4574, 610
4575, 618
4576, 605
4577, 595
4578, 599
4579, 622
4580, 607
4581, 618
4582, 596
4583, 616
4584, 589
4585, 603
4586, 616
4587, 634
4588, 601
4589, 606
4590, 586
4591, 608
4592, 603
4593, 600
4594, 608
4595, 598
4596, 594
4597, 607
4598, 585
4599, 589
4600, 600
4601, 601
4602, 612
4603, 606
4604, 601
4605, 607
4606, 607
4607, 584
4608, 597
4609, 598
4610, 597
4611, 606
4612, 605
4613, 593
4614, 624
4615, 608
4616, 620
4617, 606
4618, 607
4619, 596
4620, 595
4621, 619
4622, 600
4623, 601
4624, 622
4625, 590
4626, 622
4627, 594
4628, 602
4629, 582
4630, 602
4631, 650
4632, 604
4633, 611
4634, 619
4635, 596
4636, 610
4637, 601
4638, 613
4639, 619
4640, 591
4641, 608
4642, 597
4643, 621
4644, 622
4645, 592
4646, 617
4647, 597
4648, 598
4649, 626
4650, 599
4651, 595
4652, 596
4653, 624
4654, 632
4655, 626
4656, 626
4657, 597
4658, 599
4659, 597
4660, 597
4661, 589
4662, 626
4663, 597
4664, 597
4665, 595
4666, 602
4667, 600
4668, 610
4669, 594
4670, 622
4671, 600
4672, 594
4673, 661
4674, 618
4675, 598
4676, 600
4677, 591
4678, 599
4679, 597
4680, 609
4681, 612
4682, 608
4683, 616
4684, 597
4685, 606
4686, 593
4687, 627
4688, 614
4689, 626
4690, 598
4691, 603
4692, 629
4693, 619
4694, 591
4695, 627
4696, 600
4697, 600
4698, 624
4699, 605
4700, 617
4701, 609
4702, 610
4703, 596
4704, 614
4705, 605
4706, 596
4707, 596
4708, 603
4709, 625
4710, 625
4711, 600
4712, 616
4713, 622
4714, 596
4715, 599
4716, 610
4717, 624
4718, 593
4719, 623
4720, 616
4721, 607
4722, 609
4723, 601
4724, 619
4725, 602
4726, 614
4727, 609
4728, 605
4729, 606
4730, 612
4731, 624
4732, 607
4733, 622
4734, 596
4735, 592
4736, 633
4737, 598
4738, 609
4739, 627
4740, 608
4741, 597
4742, 603
4743, 600
4744, 602
4745, 610
4746, 597
4747, 606
4748, 594
4749, 602
4750, 592
4751, 601
4752, 583
4753, 594
4754, 621
4755, 599
4756, 614
4757, 610
4758, 594
4759, 601
4760, 607
4761, 605
4762, 602
4763, 627
4764, 604
4765, 610
4766, 620
4767, 606
4768, 609
4769, 628
4770, 616
4771, 593
4772, 594
4773, 595
4774, 611
4775, 598
4776, 613
4777, 595
4778, 596
4779, 613
4780, 603
4781, 605
4782, 604
4783, 626
4784, 612
4785, 627
4786, 625
4787, 598
4788, 601
4789, 614
4790, 598
4791, 595
4792, 607
4793, 588
4794, 598
4795, 602
4796, 610
4797, 622
4798, 624
4799, 602
4800, 606
4801, 627
4802, 600
4803, 600
4804, 589
4805, 598
4806, 595
4807, 598
4808, 600
4809, 602
4810, 598
4811, 602
4812, 643
4813, 599
4814, 595
4815, 622
4816, 595
4817, 605
4818, 621
4819, 622
4820, 593
4821, 619
4822, 606
4823, 601
4824, 596
4825, 595
4826, 598
4827, 625
4828, 600
4829, 605
4830, 593
4831, 624
4832, 599
4833, 606
4834, 601
4835, 597
4836, 615
4837, 605
4838, 596
4839, 625
4840, 604
4841, 593
4842, 611
4843, 630
4844, 592
4845, 598
4846, 629
4847, 624
4848, 607
4849, 604
4850, 581
4851, 618
4852, 624
4853, 600
4854, 592
4855, 592
4856, 608
4857, 622
4858, 599
4859, 599
4860, 624
4861, 601
4862, 597
4863, 598
4864, 613
4865, 597
4866, 621
4867, 596
4868, 612
4869, 607
4870, 617
4871, 595
4872, 598
4873, 595
4874, 599
4875, 623
4876, 601
4877, 624
4878, 624
4879, 593
4880, 594
4881, 595
4882, 608
4883, 606
4884, 607
4885, 596
4886, 617
4887, 628
4888, 618
4889, 616
4890, 598
4891, 607
4892, 608
4893, 595
4894, 598
4895, 612
4896, 626
4897, 607
4898, 604
4899, 621
4900, 627
4901, 596
4902, 616
4903, 597
4904, 594
4905, 614
4906, 596
4907, 612
4908, 627
4909, 598
4910, 636
4911, 594
4912, 597
4913, 592
4914, 599
4915, 599
4916, 616
4917, 627
4918, 617
4919, 604
4920, 631
4921, 610
4922, 626
4923, 596
4924, 624
4925, 600
4926, 597
4927, 598
4928, 618
4929, 611
4930, 601
4931, 607
4932, 628
4933, 597
4934, 602
4935, 593
4936, 606
4937, 595
4938, 651
4939, 586
4940, 592
4941, 623
4942, 602
4943, 594
4944, 629
4945, 597
4946, 601
4947, 607
4948, 602
4949, 609
4950, 603
4951, 593
4952, 605
4953, 603
4954, 606
4955, 610
4956, 597
4957, 629
4958, 655
4959, 606
4960, 596
4961, 598
4962, 615
4963, 623
4964, 593
4965, 598
4966, 589
4967, 610
4968, 601
4969, 602
4970, 599
4971, 609
4972, 621
4973, 602
4974, 608
4975, 598
4976, 603
4977, 624
4978, 612
4979, 585
4980, 594
4981, 624
4982, 599
4983, 600
4984, 609
4985, 607
4986, 610
4987, 626
4988, 628
4989, 599
4990, 596
4991, 603
4992, 628
4993, 607
4994, 613
4995, 619
4996, 619
4997, 599
4998, 597
4999, 595
5000, 618
5001, 633
5002, 603
5003, 607
5004, 603
5005, 617
5006, 612
5007, 606
5008, 605
5009, 610
5010, 627
5011, 600
5012, 594
5013, 622
5014, 613
5015, 613
5016, 684
5017, 615
5018, 619
5019, 628
5020, 618
5021, 628
5022, 594
5023, 654
5024, 604
5025, 625
5026, 623
5027, 634
5028, 619
5029, 607
5030, 591
5031, 596
5032, 606
5033, 622
5034, 609
5035, 601
5036, 690
5037, 636
5038, 596
5039, 607
5040, 628
5041, 594
5042, 614
5043, 609
5044, 609
5045, 650
5046, 605
5047, 617
5048, 601
5049, 609
5050, 598
5051, 625
5052, 613
5053, 613
5054, 616
5055, 627
5056, 680
5057, 629
5058, 632
5059, 628
5060, 641
5061, 602
5062, 601
5063, 611
5064, 650
5065, 597
5066, 607
5067, 610
5068, 630
5069, 609
5070, 594
5071, 597
5072, 609
5073, 605
5074, 649
5075, 616
5076, 633
5077, 597
5078, 612
5079, 632
5080, 633
5081, 610
5082, 611
5083, 627
5084, 603
5085, 614
5086, 630
5087, 600
5088, 636
5089, 634
5090, 602
5091, 598
5092, 631
5093, 610
5094, 621
5095, 633
5096, 600
5097, 604
5098, 638
5099, 618
5100, 614
5101, 648
5102, 607
5103, 607
5104, 614
5105, 619
5106, 612
5107, 628
5108, 609
5109, 609
5110, 613
5111, 640
5112, 627
5113, 622
5114, 610
5115, 610
5116, 626
5117, 613
5118, 641
5119, 616
5120, 601
5121, 620
5122, 600
5123, 598
5124, 598
5125, 594
5126, 637
5127, 613
5128, 620
5129, 615
5130, 609
5131, 619
5132, 617
5133, 623
5134, 610
5135, 619
5136, 597
5137, 610
5138, 605
5139, 647
5140, 612
5141, 643
5142, 618
5143, 629
5144, 615
5145, 623
5146, 614
5147, 632
5148, 603
5149, 627
5150, 622
5151, 634
5152, 639
5153, 794
5154, 644
5155, 633
5156, 597
5157, 612
5158, 618
5159, 607
5160, 615
5161, 627
5162, 620
5163, 609
5164, 637
5165, 605
5166, 637
5167, 604
5168, 622
5169, 607
5170, 606
5171, 629
5172, 647
5173, 607
5174, 624
5175, 633
5176, 614
5177, 629
5178, 612
5179, 617
5180, 618
5181, 612
5182, 605
5183, 604
5184, 604
5185, 608
5186, 605
5187, 612
5188, 602
5189, 609
5190, 624
5191, 612
5192, 614
5193, 613
5194, 602
5195, 609
5196, 629
5197, 628
5198, 641
5199, 616
5200, 617
5201, 602
5202, 612
5203, 624
5204, 634
5205, 662
5206, 603
5207, 636
5208, 612
5209, 606
5210, 609
5211, 607
5212, 609
5213, 612
5214, 621
5215, 600
5216, 598
5217, 608
5218, 622
5219, 633
5220, 615
5221, 599
5222, 606
5223, 611
5224, 641
5225, 624
5226, 633
5227, 610
5228, 608
5229, 612
5230, 633
5231, 620
5232, 623
5233, 602
5234, 633
5235, 610
5236, 604
5237, 616
5238, 618
5239, 601
5240, 609
5241, 630
5242, 617
5243, 604
5244, 620
5245, 653
5246, 616
5247, 607
5248, 598
5249, 611
5250, 628
5251, 605
5252, 658
5253, 618
5254, 614
5255, 623
5256, 615
5257, 609
5258, 600
5259, 609
5260, 647
5261, 601
5262, 621
5263, 619
5264, 604
5265, 615
5266, 613
5267, 638
5268, 635
5269, 599
5270, 597
5271, 602
5272, 636
5273, 637
5274, 622
5275, 630
5276, 592
5277, 606
5278, 616
5279, 653
5280, 609
5281, 606
5282, 615
5283, 613
5284, 598
5285, 598
5286, 627
5287, 599
5288, 607
5289, 609
5290, 618
5291, 603
5292, 617
5293, 600
5294, 627
5295, 598
5296, 605
5297, 625
5298, 639
5299, 612
5300, 665
5301, 622
5302, 619
5303, 614
5304, 593
5305, 606
5306, 618
5307, 617
5308, 634
5309, 602
5310, 603
5311, 622
5312, 609
5313, 614
5314, 651
5315, 624
5316, 621
5317, 621
5318, 650
5319, 634
5320, 617
5321, 635
5322, 638
5323, 607
5324, 598
5325, 606
5326, 611
5327, 596
5328, 619
5329, 630
5330, 610
5331, 637
5332, 597
5333, 615
5334, 614
5335, 605
5336, 605
5337, 610
5338, 615
5339, 625
5340, 645
5341, 590
5342, 617
5343, 608
5344, 631
5345, 611
5346, 615
5347, 621
5348, 625
5349, 629
5350, 603
5351, 617
5352, 644
5353, 622
5354, 608
5355, 605
5356, 608
5357, 599
5358, 650
5359, 611
5360, 605
5361, 646
5362, 622
5363, 648
5364, 602
5365, 614
5366, 607
5367, 607
5368, 632
5369, 607
5370, 604
5371, 603
5372, 608
5373, 603
5374, 628
5375, 620
5376, 637
5377, 610
5378, 617
5379, 652
5380, 606
5381, 602
5382, 616
5383, 606
5384, 624
5385, 617
5386, 610
5387, 611
5388, 604
5389, 601
5390, 629
5391, 601
5392, 614
5393, 662
5394, 713
5395, 620
5396, 619
5397, 636
5398, 614
5399, 623
5400, 626
5401, 642
5402, 627
5403, 638
5404, 630
5405, 618
5406, 620
5407, 611
5408, 622
5409, 620
5410, 609
5411, 614
5412, 608
5413, 612
5414, 615
5415, 604
5416, 609
5417, 608
5418, 607
5419, 621
5420, 615
5421, 614
5422, 604
5423, 606
5424, 624
5425, 612
5426, 599
5427, 620
5428, 614
5429, 645
5430, 607
5431, 603
5432, 628
5433, 604
5434, 638
5435, 608
5436, 628
5437, 616
5438, 604
5439, 615
5440, 601
5441, 619
5442, 639
5443, 605
5444, 620
5445, 614
5446, 612
5447, 616
5448, 610
5449, 610
5450, 608
5451, 607
5452, 616
5453, 607
5454, 629
5455, 600
5456, 601
5457, 609
5458, 603
5459, 614
5460, 621
5461, 618
5462, 619
5463, 614
5464, 679
5465, 630
5466, 621
5467, 613
5468, 597
5469, 591
5470, 625
5471, 613
5472, 630
5473, 649
5474, 638
5475, 629
5476, 630
5477, 617
5478, 617
5479, 602
5480, 600
5481, 605
5482, 602
5483, 624
5484, 617
5485, 618
5486, 636
5487, 596
5488, 607
5489, 602
5490, 606
5491, 628
5492, 640
5493, 599
5494, 610
5495, 617
5496, 598
5497, 610
5498, 603
5499, 615
5500, 627
5501, 605
5502, 613
5503, 595
5504, 617
5505, 633
5506, 606
5507, 613
5508, 597
5509, 619
5510, 601
5511, 601
5512, 624
5513, 621
5514, 638
5515, 605
5516, 601
5517, 610
5518, 623
5519, 607
5520, 623
5521, 613
5522, 608
5523, 613
5524, 600
5525, 610
5526, 602
5527, 608
5528, 604
5529, 598
5530, 621
5531, 618
5532, 615
5533, 615
5534, 617
5535, 607
5536, 615
5537, 606
5538, 623
5539, 623
5540, 593
5541, 609
5542, 602
5543, 629
5544, 607
5545, 606
5546, 606
5547, 620
5548, 600
5549, 602
5550, 604
5551, 599
5552, 604
5553, 608
5554, 614
5555, 593
5556, 600
5557, 621
5558, 600
5559, 612
5560, 607
5561, 621
5562, 610
5563, 600
5564, 600
5565, 609
5566, 605
5567, 626
5568, 627
5569, 680
5570, 613
5571, 608
5572, 607
5573, 600
5574, 601
5575, 619
5576, 622
5577, 610
5578, 625
5579, 619
5580, 608
5581, 601
5582, 604
5583, 603
5584, 601
5585, 624
5586, 609
5587, 3889
5588, 633
5589, 637
5590, 600
5591, 600
5592, 597
5593, 648
5594, 621
5595, 596
5596, 597
5597, 625
5598, 629
5599, 665
5600, 633
5601, 626
5602, 608
5603, 597
5604, 615
5605, 598
5606, 629
5607, 602
5608, 609
5609, 631
5610, 602
5611, 612
5612, 621
5613, 601
5614, 602
5615, 605
5616, 604
5617, 611
5618, 604
5619, 617
5620, 613
5621, 635
5622, 605
5623, 626
5624, 601
5625, 607
5626, 617
5627, 625
5628, 594
5629, 601
5630, 621
5631, 613
5632, 609
5633, 607
5634, 611
5635, 620
5636, 597
5637, 627
5638, 622
5639, 625
5640, 618
5641, 594
5642, 595
5643, 606
5644, 606
5645, 621
5646, 633
5647, 617
5648, 619
5649, 607
5650, 610
5651, 620
5652, 613
5653, 606
5654, 627
5655, 622
5656, 607
5657, 634
5658, 611
5659, 645
5660, 650
5661, 603
5662, 605
5663, 620
5664, 598
5665, 613
5666, 608
5667, 619
5668, 609
5669, 610
5670, 594
5671, 620
5672, 611
5673, 600
5674, 622
5675, 616
5676, 614
5677, 635
5678, 614
5679, 622
5680, 604
5681, 620
5682, 610
5683, 612
5684, 651
5685, 609
5686, 613
5687, 602
5688, 589
5689, 608
5690, 598
5691, 630
5692, 612
5693, 631
5694, 614
5695, 632
5696, 622
5697, 602
5698, 605
5699, 621
5700, 606
5701, 602
5702, 613
5703, 615
5704, 603
5705, 631
5706, 613
5707, 604
5708, 617
5709, 600
5710, 639
5711, 621
5712, 609
5713, 598
5714, 638
5715, 654
5716, 606
5717, 610
5718, 610
5719, 619
5720, 607
5721, 613
5722, 607
5723, 618
5724, 600
5725, 600
5726, 597
5727, 650
5728, 618
5729, 623
5730, 603
5731, 636
5732, 603
5733, 602
5734, 599
5735, 626
5736, 596
5737, 604
5738, 619
5739, 611
5740, 617
5741, 597
5742, 611
5743, 618
5744, 621
5745, 605
5746, 627
5747, 615
5748, 592
5749, 609
5750, 639
5751, 602
5752, 596
5753, 608
5754, 595
5755, 603
5756, 603
5757, 609
5758, 613
5759, 596
5760, 595
5761, 619
5762, 606
5763, 603
5764, 600
5765, 615
5766, 619
5767, 630
5768, 595
5769, 612
5770, 609
5771, 614
5772, 603
5773, 604
5774, 604
5775, 619
5776, 595
5777, 624
5778, 606
5779, 599
5780, 597
5781, 627
5782, 614
5783, 595
5784, 622
5785, 609
5786, 615
5787, 596
5788, 603
5789, 622
5790, 600
5791, 606
5792, 620
5793, 636
5794, 596
5795, 630
5796, 619
5797, 594
5798, 614
5799, 614
5800, 597
5801, 603
5802, 602
5803, 599
5804, 614
5805, 614
5806, 613
5807, 609
5808, 605
5809, 612
5810, 655
5811, 658
5812, 618
5813, 597
5814, 618
5815, 605
5816, 612
5817, 642
5818, 615
5819, 648
5820, 605
5821, 606
5822, 633
5823, 606
5824, 597
5825, 634
5826, 602
5827, 628
5828, 590
5829, 620
5830, 619
5831, 590
5832, 602
5833, 608
5834, 601
5835, 617
5836, 621
5837, 629
5838, 600
5839, 599
5840, 617
5841, 615
5842, 603
5843, 605
5844, 630
5845, 615
5846, 652
5847, 601
5848, 602
5849, 619
5850, 599
5851, 618
5852, 615
5853, 627
5854, 636
5855, 601
5856, 623
5857, 626
5858, 623
5859, 615
5860, 605
5861, 620
5862, 612
5863, 608
5864, 603
5865, 618
5866, 613
5867, 609
5868, 621
5869, 612
5870, 609
5871, 603
5872, 601
5873, 623
5874, 614
5875, 596
5876, 621
5877, 617
5878, 607
5879, 623
5880, 604
5881, 629
5882, 607
5883, 621
5884, 602
5885, 617
5886, 637
5887, 624
5888, 615
5889, 602
5890, 593
5891, 597
5892, 631
5893, 608
5894, 602
5895, 598
5896, 620
5897, 621
5898, 605
5899, 603
5900, 623
5901, 612
5902, 631
5903, 607
5904, 622
5905, 603
5906, 606
5907, 633
5908, 611
5909, 615
5910, 616
5911, 608
5912, 610
5913, 604
5914, 629
5915, 612
5916, 617
5917, 608
5918, 601
5919, 620
5920, 618
5921, 610
5922, 602
5923, 604
5924, 600
5925, 606
5926, 612
5927, 622
5928, 609
5929, 601
5930, 616
5931, 615
5932, 617
5933, 595
5934, 609
5935, 619
5936, 600
5937, 646
5938, 627
5939, 620
5940, 615
5941, 620
5942, 630
5943, 595
5944, 612
5945, 595
5946, 595
5947, 609
5948, 608
5949, 639
5950, 596
5951, 594
5952, 609
5953, 604
5954, 613
5955, 623
5956, 620
5957, 599
5958, 596
5959, 595
5960, 699
5961, 619
5962, 605
5963, 605
5964, 609
5965, 616
5966, 591
5967, 614
5968, 610
5969, 618
5970, 619
5971, 597
5972, 599
5973, 602
5974, 625
5975, 592
5976, 605
5977, 621
5978, 602
5979, 606
5980, 595
5981, 595
5982, 596
5983, 606
5984, 600
5985, 596
5986, 610
5987, 630
5988, 642
5989, 595
5990, 618
5991, 620
5992, 620
5993, 649
5994, 615
5995, 649
5996, 605
5997, 610
5998, 614
5999, 624
6000, 676
6001, 607
6002, 629
6003, 624
6004, 622
6005, 619
6006, 610
6007, 638
6008, 613
6009, 600
6010, 601
6011, 598
6012, 603
6013, 623
6014, 626
6015, 611
6016, 603
6017, 614
6018, 613
6019, 632
6020, 600
6021, 612
6022, 608
6023, 597
6024, 603
6025, 614
6026, 604
6027, 615
6028, 611
6029, 602
6030, 608
6031, 631
6032, 606
6033, 616
6034, 598
6035, 620
6036, 605
6037, 605
6038, 610
6039, 599
6040, 609
6041, 610
6042, 603
6043, 621
6044, 627
6045, 629
6046, 621
6047, 614
6048, 614
6049, 617
6050, 599
6051, 623
6052, 616
6053, 638
6054, 624
6055, 606
6056, 605
6057, 628
6058, 644
6059, 599
6060, 620
6061, 626
6062, 601
6063, 621
6064, 625
6065, 618
6066, 602
6067, 612
6068, 603
6069, 610
6070, 645
6071, 601
6072, 607
6073, 632
6074, 601
6075, 632
6076, 615
6077, 613
6078, 633
6079, 604
6080, 599
6081, 629
6082, 604
6083, 593
6084, 604
6085, 606
6086, 621
6087, 602
6088, 613
6089, 617
6090, 623
6091, 605
6092, 606
6093, 627
6094, 612
6095, 612
6096, 593
6097, 603
6098, 603
6099, 614
6100, 609
6101, 622
6102, 605
6103, 611
6104, 605
6105, 601
6106, 603
6107, 635
6108, 639
6109, 608
6110, 607
6111, 612
6112, 631
6113, 605
6114, 597
6115, 616
6116, 626
6117, 601
6118, 618
6119, 623
6120, 616
6121, 600
6122, 613
6123, 612
6124, 607
6125, 597
6126, 589
6127, 630
6128, 616
6129, 601
6130, 603
6131, 599
6132, 618
6133, 618
6134, 619
6135, 609
6136, 625
6137, 614
6138, 640
6139, 628
6140, 621
6141, 609
6142, 603
6143, 597
6144, 608
6145, 607
6146, 607
6147, 631
6148, 621
6149, 604
6150, 619
6151, 616
6152, 604
6153, 595
6154, 605
6155, 616
6156, 624
6157, 628
6158, 623
6159, 615
6160, 608
6161, 635
6162, 609
6163, 602
6164, 627
6165, 610
6166, 599
6167, 609
6168, 601
6169, 604
6170, 609
6171, 606
6172, 629
6173, 607
6174, 615
6175, 611
6176, 614
6177, 609
6178, 616
6179, 630
6180, 617
6181, 606
6182, 599
6183, 618
6184, 623
6185, 620
6186, 619
6187, 608
6188, 602
6189, 609
6190, 595
6191, 624
6192, 630
6193, 623
6194, 594
6195, 611
6196, 612
6197, 618
6198, 604
6199, 632
6200, 603
6201, 623
6202, 605
6203, 597
6204, 621
6205, 597
6206, 636
6207, 623
6208, 589
6209, 611
6210, 601
6211, 615
6212, 622
6213, 596
6214, 608
6215, 620
6216, 593
6217, 592
6218, 605
6219, 613
6220, 624
6221, 602
6222, 627
6223, 608
6224, 614
6225, 621
6226, 609
6227, 612
6228, 602
6229, 605
6230, 602
6231, 608
6232, 615
6233, 609
6234, 615
6235, 620
6236, 597
6237, 601
6238, 614
6239, 613
6240, 602
6241, 626
6242, 615
6243, 617
6244, 634
6245, 605
6246, 608
6247, 600
6248, 606
6249, 607
6250, 616
6251, 609
6252, 607
6253, 602
6254, 601
6255, 606
6256, 624
6257, 632
6258, 601
6259, 613
6260, 609
6261, 614
6262, 612
6263, 610
6264, 613
6265, 616
6266, 607
6267, 611
6268, 598
6269, 601
6270, 619
6271, 599
6272, 608
6273, 589
6274, 623
6275, 648
6276, 602
6277, 608
6278, 612
6279, 620
6280, 624
6281, 602
6282, 604
6283, 606
6284, 594
6285, 615
6286, 602
6287, 618
6288, 614
6289, 621
6290, 601
6291, 611
6292, 596
6293, 626
6294, 603
6295, 616
6296, 599
6297, 619
6298, 602
6299, 613
6300, 594
6301, 638
6302, 617
6303, 619
6304, 609
6305, 612
6306, 623
6307, 616
6308, 622
6309, 600
6310, 622
6311, 606
6312, 599
6313, 615
6314, 626
6315, 620
6316, 628
6317, 599
6318, 612
6319, 614
6320, 607
6321, 602
6322, 614
6323, 599
6324, 613
6325, 620
6326, 602
6327, 599
6328, 614
6329, 600
6330, 599
6331, 635
6332, 614
6333, 627
6334, 616
6335, 606
6336, 624
6337, 600
6338, 603
6339, 619
6340, 594
6341, 589
6342, 602
6343, 626
6344, 615
6345, 600
6346, 600
6347, 618
6348, 626
6349, 627
6350, 615
6351, 606
6352, 612
6353, 618
6354, 603
6355, 651
6356, 636
6357, 603
6358, 603
6359, 618
6360, 610
6361, 609
6362, 605
6363, 610
6364, 612
6365, 600
6366, 615
6367, 611
6368, 623
6369, 613
6370, 628
6371, 624
6372, 619
6373, 626
6374, 632
6375, 612
6376, 619
6377, 598
6378, 619
6379, 611
6380, 595
6381, 590
6382, 603
6383, 610
6384, 621
6385, 674
6386, 623
6387, 645
6388, 603
6389, 630
6390, 625
6391, 606
6392, 614
6393, 601
6394, 618
6395, 608
6396, 598
6397, 620
6398, 625
6399, 613
6400, 607
6401, 647
6402, 622
6403, 616
6404, 599
6405, 616
6406, 615
6407, 616
6408, 601
6409, 617
6410, 616
6411, 618
6412, 602
6413, 630
6414, 621
6415, 599
6416, 621
6417, 624
6418, 597
6419, 626
6420, 611
6421, 624
6422, 623
6423, 605
6424, 614
6425, 613
6426, 620
6427, 601
6428, 601
6429, 623
6430, 617
6431, 628
6432, 619
6433, 621
6434, 617
6435, 623
6436, 622
6437, 592
6438, 615
6439, 599
6440, 602
6441, 617
6442, 588
6443, 603
6444, 594
6445, 599
6446, 613
6447, 615
6448, 614
6449, 594
6450, 596
6451, 621
6452, 619
6453, 626
6454, 618
6455, 600
6456, 606
6457, 628
6458, 615
6459, 651
6460, 609
6461, 611
6462, 604
6463, 612
6464, 598
6465, 604
6466, 614
6467, 597
6468, 613
6469, 608
6470, 620
6471, 604
6472, 627
6473, 616
6474, 629
6475, 607
6476, 614
6477, 654
6478, 606
6479, 630
6480, 624
6481, 614
6482, 613
6483, 618
6484, 608
6485, 605
6486, 611
6487, 621
6488, 593
6489, 631
6490, 617
6491, 609
6492, 636
6493, 625
6494, 635
6495, 620
6496, 621
6497, 602
6498, 633
6499, 609
6500, 614
6501, 632
6502, 659
6503, 611
6504, 613
6505, 604
6506, 630
6507, 608
6508, 611
6509, 595
6510, 604
6511, 599
6512, 602
6513, 625
6514, 603
6515, 627
6516, 601
6517, 623
6518, 600
6519, 630
6520, 606
6521, 621
6522, 645
6523, 600
6524, 614
6525, 620
6526, 625
6527, 612
6528, 640
6529, 621
6530, 622
6531, 616
6532, 623
6533, 620
6534, 625
6535, 627
6536, 603
6537, 619
6538, 592
6539, 610
6540, 602
6541, 618
6542, 608
6543, 621
6544, 622
6545, 615
6546, 598
6547, 616
6548, 646
6549, 620
6550, 613
6551, 623
6552, 613
6553, 611
6554, 630
6555, 616
6556, 675
6557, 651
6558, 619
6559, 610
6560, 611
6561, 631
6562, 617
6563, 621
6564, 610
6565, 607
6566, 6386
6567, 625
6568, 589
6569, 615
6570, 601
6571, 605
6572, 617
6573, 610
6574, 620
6575, 623
6576, 617
6577, 630
6578, 613
6579, 634
6580, 612
6581, 678
6582, 622
6583, 619
6584, 595
6585, 629
6586, 629
6587, 607
6588, 619
6589, 626
6590, 610
6591, 614
6592, 617
6593, 616
6594, 632
6595, 618
6596, 634
6597, 610
6598, 654
6599, 621
6600, 614
6601, 633
6602, 613
6603, 621
6604, 612
6605, 646
6606, 595
6607, 619
6608, 613
6609, 596
6610, 629
6611, 633
6612, 607
6613, 623
6614, 599
6615, 635
6616, 640
6617, 624
6618, 611
6619, 612
6620, 622
6621, 623
6622, 633
6623, 605
6624, 625
6625, 595
6626, 618
6627, 625
6628, 614
6629, 610
6630, 604
6631, 622
6632, 615
6633, 605
6634, 618
6635, 616
6636, 630
6637, 620
6638, 614
6639, 611
6640, 620
6641, 631
6642, 606
6643, 592
6644, 618
6645, 650
6646, 620
6647, 612
6648, 619
6649, 616
6650, 617
6651, 616
6652, 619
6653, 630
6654, 632
6655, 613
6656, 625
6657, 612
6658, 629
6659, 594
6660, 623
6661, 602
6662, 642
6663, 646
6664, 632
6665, 636
6666, 625
6667, 619
6668, 629
6669, 625
6670, 597
6671, 611
6672, 654
6673, 623
6674, 613
6675, 624
6676, 630
6677, 607
6678, 605
6679, 603
6680, 602
6681, 629
6682, 621
6683, 620
6684, 613
6685, 597
6686, 610
6687, 623
6688, 624
6689, 626
6690, 623
6691, 606
6692, 611
6693, 604
6694, 615
6695, 623
6696, 603
6697, 630
6698, 601
6699, 599
6700, 627
6701, 633
6702, 615
6703, 614
6704, 616
6705, 631
6706, 601
6707, 604
6708, 623
6709, 609
6710, 597
6711, 617
6712, 619
6713, 611
6714, 591
6715, 618
6716, 614
6717, 631
6718, 618
6719, 630
6720, 619
6721, 595
6722, 605
6723, 620
6724, 613
6725, 618
6726, 601
6727, 632
6728, 629
6729, 601
6730, 598
6731, 620
6732, 628
6733, 627
6734, 591
6735, 613
6736, 625
6737, 623
6738, 597
6739, 611
6740, 618
6741, 597
6742, 623
6743, 654
6744, 619
6745, 627
6746, 617
6747, 613
6748, 638
6749, 601
6750, 624
6751, 612
6752, 606
6753, 601
6754, 595
6755, 609
6756, 602
6757, 620
6758, 635
6759, 624
6760, 626
6761, 605
6762, 622
6763, 670
6764, 621
6765, 605
6766, 597
6767, 593
6768, 603
6769, 623
6770, 626
6771, 596
6772, 604
6773, 629
6774, 612
6775, 609
6776, 624
6777, 623
6778, 611
6779, 612
6780, 619
6781, 599
6782, 598
6783, 604
6784, 597
6785, 622
6786, 605
6787, 616
6788, 629
6789, 600
6790, 625
6791, 620
6792, 621
6793, 608
6794, 611
6795, 616
6796, 605
6797, 609
6798, 627
6799, 595
6800, 597
6801, 600
6802, 617
6803, 602
6804, 612
6805, 619
6806, 602
6807, 616
6808, 625
6809, 595
6810, 597
6811, 606
6812, 612
6813, 604
6814, 603
6815, 602
6816, 626
6817, 603
6818, 626
6819, 603
6820, 609
6821, 603
6822, 591
6823, 604
6824, 613
6825, 601
6826, 611
6827, 634
6828, 599
6829, 616
6830, 600
6831, 600
6832, 603
6833, 591
6834, 602
6835, 595
6836, 622
6837, 615
6838, 610
6839, 612
6840, 612
6841, 612
6842, 615
6843, 623
6844, 616
6845, 612
6846, 596
6847, 611
6848, 614
6849, 611
6850, 596
6851, 627
6852, 616
6853, 629
6854, 596
6855, 600
6856, 601
6857, 606
6858, 621
6859, 608
6860, 631
6861, 592
6862, 601
6863, 624
6864, 615
6865, 618
6866, 606
6867, 640
6868, 611
6869, 626
6870, 618
6871, 607
6872, 605
6873, 593
6874, 622
6875, 615
6876, 607
6877, 617
6878, 614
6879, 627
6880, 623
6881, 622
6882, 595
6883, 603
6884, 612
6885, 620
6886, 618
6887, 628
6888, 607
6889, 603
6890, 621
6891, 617
6892, 603
6893, 627
6894, 611
6895, 602
6896, 589
6897, 612
6898, 600
6899, 631
6900, 627
6901, 597
6902, 620
6903, 620
6904, 627
6905, 624
6906, 626
6907, 613
6908, 629
6909, 624
6910, 625
6911, 608
6912, 601
6913, 626
6914, 598
6915, 616
6916, 594
6917, 615
6918, 624
6919, 598
6920, 602
6921, 616
6922, 615
6923, 612
6924, 611
6925, 611
6926, 608
6927, 597
6928, 618
6929, 599
6930, 600
6931, 612
6932, 613
6933, 633
6934, 630
6935, 611
6936, 615
6937, 595
6938, 592
6939, 601
6940, 594
6941, 590
6942, 601
6943, 616
6944, 604
6945, 614
6946, 619
6947, 610
6948, 616
6949, 600
6950, 619
6951, 608
6952, 597
6953, 622
6954, 601
6955, 591
6956, 594
6957, 617
6958, 636
6959, 619
6960, 622
6961, 618
6962, 598
6963, 605
6964, 612
6965, 636
6966, 609
6967, 630
6968, 611
6969, 608
6970, 619
6971, 623
6972, 618
6973, 615
6974, 596
6975, 621
6976, 624
6977, 609
6978, 600
6979, 601
6980, 605
6981, 603
6982, 604
6983, 617
6984, 606
6985, 615
6986, 623
6987, 616
6988, 613
6989, 629
6990, 636
6991, 622
6992, 611
6993, 623
6994, 624
6995, 633
6996, 628
6997, 607
6998, 623
6999, 593
7000, 636
7001, 619
7002, 599
7003, 615
7004, 624
7005, 617
7006, 619
7007, 632
7008, 603
7009, 607
7010, 606
7011, 614
7012, 639
7013, 614
7014, 629
7015, 614
7016, 601
7017, 608
7018, 639
7019, 605
7020, 631
7021, 595
7022, 615
7023, 631
7024, 614
7025, 598
7026, 611
7027, 603
7028, 599
7029, 616
7030, 617
7031, 596
7032, 600
7033, 616
7034, 605
7035, 620
7036, 614
7037, 622
7038, 630
7039, 617
7040, 593
7041, 617
7042, 602
7043, 599
7044, 603
7045, 626
7046, 598
7047, 618
7048, 624
7049, 612
7050, 630
7051, 608
7052, 614
7053, 627
7054, 603
7055, 632
7056, 623
7057, 611
7058, 625
7059, 639
7060, 618
7061, 607
7062, 606
7063, 619
7064, 602
7065, 628
7066, 593
7067, 609
7068, 599
7069, 604
7070, 607
7071, 597
7072, 600
7073, 593
7074, 601
7075, 602
7076, 627
7077, 629
7078, 645
7079, 595
7080, 600
7081, 601
7082, 600
7083, 606
7084, 611
7085, 602
7086, 618
7087, 651
7088, 632
7089, 612
7090, 595
7091, 607
7092, 618
7093, 619
7094, 595
7095, 629
7096, 594
7097, 613
7098, 613
7099, 639
7100, 597
7101, 609
7102, 619
7103, 620
7104, 596
7105, 607
7106, 626
7107, 601
7108, 596
7109, 618
7110, 608
7111, 586
7112, 604
7113, 639
7114, 619
7115, 598
7116, 606
7117, 607
7118, 608
7119, 646
7120, 629
7121, 607
7122, 639
7123, 599
7124, 610
7125, 601
7126, 653
7127, 606
7128, 615
7129, 617
7130, 591
7131, 628
7132, 617
7133, 617
7134, 624
7135, 602
7136, 603
7137, 640
7138, 615
7139, 613
7140, 595
7141, 613
7142, 604
7143, 632
7144, 620
7145, 628
7146, 632
7147, 595
7148, 620
7149, 606
7150, 602
7151, 623
7152, 593
7153, 652
7154, 610
7155, 637
7156, 631
7157, 613
7158, 612
7159, 611
7160, 621
7161, 601
7162, 610
7163, 614
7164, 601
7165, 621
7166, 612
7167, 637
7168, 617
7169, 598
7170, 603
7171, 601
7172, 611
7173, 620
7174, 623
7175, 615
7176, 601
7177, 626
7178, 653
7179, 605
7180, 618
7181, 615
7182, 634
7183, 630
7184, 616
7185, 599
7186, 624
7187, 626
7188, 607
7189, 597
7190, 612
7191, 605
7192, 622
7193, 621
7194, 598
7195, 602
7196, 607
7197, 624
7198, 606
7199, 605
7200, 617
7201, 600
7202, 602
7203, 611
7204, 599
7205, 626
7206, 655
7207, 596
7208, 631
7209, 618
7210, 611
7211, 627
7212, 615
7213, 617
7214, 608
7215, 627
7216, 596
7217, 614
7218, 614
7219, 622
7220, 651
7221, 610
7222, 598
7223, 626
7224, 607
7225, 621
7226, 613
7227, 632
7228, 593
7229, 608
7230, 630
7231, 624
7232, 600
7233, 633
7234, 606
7235, 601
7236, 598
7237, 602
7238, 588
7239, 598
7240, 595
7241, 626
7242, 607
7243, 621
7244, 631
7245, 607
7246, 597
7247, 621
7248, 604
7249, 600
7250, 624
7251, 606
7252, 608
7253, 600
7254, 604
7255, 616
7256, 652
7257, 614
7258, 604
7259, 602
7260, 607
7261, 622
7262, 603
7263, 632
7264, 602
7265, 604
7266, 633
7267, 599
7268, 633
7269, 605
7270, 591
7271, 624
7272, 616
7273, 611
7274, 616
7275, 621
7276, 630
7277, 613
7278, 611
7279, 604
7280, 594
7281, 611
7282, 681
7283, 607
7284, 613
7285, 602
7286, 607
7287, 603
7288, 661
7289, 599
7290, 614
7291, 599
7292, 615
7293, 614
7294, 629
7295, 625
7296, 591
7297, 630
7298, 601
7299, 606
7300, 625
7301, 623
7302, 620
7303, 620
7304, 588
7305, 631
7306, 614
7307, 605
7308, 619
7309, 615
7310, 595
7311, 588
7312, 605
7313, 632
7314, 642
7315, 597
7316, 630
7317, 606
7318, 594
7319, 603
7320, 611
7321, 601
7322, 631
7323, 621
7324, 625
7325, 617
7326, 598
7327, 610
7328, 633
7329, 626
7330, 645
7331, 626
7332, 611
7333, 614
7334, 621
7335, 622
7336, 613
7337, 603
7338, 608
7339, 612
7340, 660
7341, 605
7342, 586
7343, 590
7344, 613
7345, 615
7346, 611
7347, 602
7348, 603
7349, 613
7350, 622
7351, 605
7352, 617
7353, 601
7354, 622
7355, 617
7356, 627
7357, 605
7358, 603
7359, 602
7360, 607
7361, 630
7362, 629
7363, 603
7364, 624
7365, 585
7366, 608
7367, 600
7368, 643
7369, 600
7370, 629
7371, 623
7372, 613
7373, 624
7374, 604
7375, 624
7376, 633
7377, 630
7378, 604
7379, 624
7380, 609
7381, 604
7382, 607
7383, 613
7384, 590
7385, 604
7386, 614
7387, 614
7388, 629
7389, 631
7390, 615
7391, 604
7392, 627
7393, 601
7394, 634
7395, 648
7396, 651
7397, 606
7398, 617
7399, 635
7400, 606
7401, 616
7402, 602
7403, 613
7404, 603
7405, 634
7406, 617
7407, 630
7408, 634
7409, 604
7410, 632
7411, 608
7412, 620
7413, 592
7414, 613
7415, 613
7416, 608
7417, 624
7418, 611
7419, 599
7420, 604
7421, 595
7422, 599
7423, 611
7424, 606
7425, 624
7426, 596
7427, 606
7428, 618
7429, 601
7430, 604
7431, 621
7432, 648
7433, 600
7434, 633
7435, 632
7436, 636
7437, 624
7438, 609
7439, 612
7440, 617
7441, 603
7442, 612
7443, 613
7444, 626
7445, 653
7446, 599
7447, 597
7448, 608
7449, 592
7450, 615
7451, 610
7452, 618
7453, 612
7454, 601
7455, 600
7456, 609
7457, 628
7458, 611
7459, 631
7460, 615
7461, 608
7462, 616
7463, 609
7464, 622
7465, 628
7466, 627
7467, 604
7468, 631
7469, 626
7470, 601
7471, 603
7472, 615
7473, 632
7474, 619
7475, 633
7476, 680
7477, 599
7478, 629
7479, 608
7480, 607
7481, 613
7482, 590
7483, 608
7484, 603
7485, 624
7486, 603
7487, 612
7488, 625
7489, 607
7490, 601
7491, 615
7492, 631
7493, 614
7494, 608
7495, 611
7496, 614
7497, 601
7498, 664
7499, 597
7500, 607
7501, 611
7502, 628
7503, 601
7504, 597
7505, 602
7506, 612
7507, 612
7508, 605
7509, 614
7510, 600
7511, 613
7512, 628
7513, 605
7514, 604
7515, 602
7516, 631
7517, 611
7518, 640
7519, 613
7520, 588
7521, 613
7522, 641
7523, 599
7524, 603
7525, 604
7526, 599
7527, 606
7528, 601
7529, 606
7530, 608
7531, 653
7532, 634
7533, 614
7534, 626
7535, 597
7536, 607
7537, 601
7538, 605
7539, 627
7540, 616
7541, 620
7542, 601
7543, 597
7544, 624
7545, 601
7546, 600
7547, 603
7548, 614
7549, 613
7550, 602
7551, 607
7552, 608
7553, 612
7554, 602
7555, 601
7556, 600
7557, 625
7558, 632
7559, 600
7560, 611
7561, 613
7562, 617
7563, 620
7564, 615
7565, 610
7566, 614
7567, 611
7568, 598
7569, 598
7570, 595
7571, 630
7572, 603
7573, 599
7574, 618
7575, 623
7576, 599
7577, 611
7578, 612
7579, 597
7580, 600
7581, 616
7582, 602
7583, 600
7584, 604
7585, 603
7586, 599
7587, 605
7588, 601
7589, 640
7590, 605
7591, 627
7592, 622
7593, 590
7594, 631
7595, 609
7596, 607
7597, 612
7598, 606
7599, 630
7600, 625
7601, 594
7602, 606
7603, 623
7604, 611
7605, 621
7606, 609
7607, 602
7608, 621
7609, 620
7610, 602
7611, 602
7612, 601
7613, 616
7614, 611
7615, 617
7616, 603
7617, 603
7618, 597
7619, 604
7620, 606
7621, 601
7622, 602
7623, 603
7624, 616
7625, 611
7626, 602
7627, 633
7628, 599
7629, 629
7630, 628
7631, 604
7632, 628
7633, 636
7634, 625
7635, 628
7636, 604
7637, 612
7638, 621
7639, 608
7640, 600
7641, 603
7642, 614
7643, 628
7644, 615
7645, 631
7646, 599
7647, 602
7648, 637
7649, 607
7650, 611
7651, 605
7652, 603
7653, 629
7654, 622
7655, 611
7656, 624
7657, 602
7658, 631
7659, 612
7660, 630
7661, 602
7662, 619
7663, 607
7664, 631
7665, 617
7666, 614
7667, 632
7668, 630
7669, 600
7670, 598
7671, 624
7672, 619
7673, 602
7674, 614
7675, 594
7676, 630
7677, 604
7678, 631
7679, 602
7680, 604
7681, 598
7682, 615
7683, 633
7684, 604
7685, 624
7686, 620
7687, 630
7688, 600
7689, 609
7690, 595
7691, 610
7692, 613
7693, 624
7694, 600
7695, 608
7696, 600
7697, 601
7698, 599
7699, 630
7700, 615
7701, 622
7702, 628
7703, 616
7704, 632
7705, 633
7706, 596
7707, 611
7708, 600
7709, 598
7710, 605
7711, 600
7712, 607
7713, 629
7714, 591
7715, 601
7716, 606
7717, 627
7718, 599
7719, 630
7720, 603
7721, 604
7722, 603
7723, 599
7724, 639
7725, 619
7726, 601
7727, 602
7728, 600
7729, 613
7730, 607
7731, 599
7732, 604
7733, 604
7734, 598
7735, 605
7736, 604
7737, 597
7738, 636
7739, 611
7740, 614
7741, 634
7742, 599
7743, 632
7744, 610
7745, 602
7746, 620
7747, 604
7748, 597
7749, 631
7750, 600
7751, 625
7752, 603
7753, 604
7754, 602
7755, 612
7756, 613
7757, 610
7758, 604
7759, 607
7760, 630
7761, 609
7762, 589
7763, 627
7764, 607
7765, 612
7766, 617
7767, 627
7768, 648
7769, 598
7770, 610
7771, 607
7772, 613
7773, 628
7774, 621
7775, 620
7776, 623
7777, 601
7778, 590
7779, 629
7780, 616
7781, 625
7782, 602
7783, 615
7784, 599
7785, 605
7786, 604
7787, 604
7788, 632
7789, 606
7790, 605
7791, 600
7792, 606
7793, 604
7794, 604
7795, 605
7796, 604
7797, 617
7798, 606
7799, 622
7800, 627
7801, 595
7802, 606
7803, 610
7804, 615
7805, 603
7806, 599
7807, 600
7808, 600
7809, 604
7810, 614
7811, 616
7812, 635
7813, 625
7814, 614
7815, 635
7816, 650
7817, 600
7818, 638
7819, 603
7820, 599
7821, 614
7822, 598
7823, 619
7824, 602
7825, 611
7826, 635
7827, 613
7828, 599
7829, 599
7830, 590
7831, 628
7832, 607
7833, 608
7834, 614
7835, 604
7836, 609
7837, 599
7838, 609
7839, 603
7840, 611
7841, 607
7842, 604
7843, 611
7844, 644
7845, 612
7846, 622
7847, 602
7848, 608
7849, 647
7850, 611
7851, 594
7852, 618
7853, 608
7854, 611
7855, 600
7856, 607
7857, 598
7858, 621
7859, 613
7860, 618
7861, 596
7862, 620
7863, 601
7864, 599
7865, 611
7866, 596
7867, 603
7868, 607
7869, 612
7870, 608
7871, 599
7872, 585
7873, 603
7874, 622
7875, 604
7876, 611
7877, 598
7878, 639
7879, 589
7880, 606
7881, 628
7882, 616
7883, 621
7884, 604
7885, 607
7886, 606
7887, 615
7888, 601
7889, 628
7890, 603
7891, 611
7892, 602
7893, 601
7894, 602
7895, 654
7896, 600
7897, 599
7898, 632
7899, 613
7900, 604
7901, 612
7902, 631
7903, 629
7904, 613
7905, 605
7906, 618
7907, 599
7908, 606
7909, 616
7910, 622
7911, 602
7912, 603
7913, 598
7914, 602
7915, 599
7916, 588
7917, 602
7918, 630
7919, 613
7920, 625
7921, 589
7922, 611
7923, 612
7924, 587
7925, 617
7926, 627
7927, 602
7928, 595
7929, 606
7930, 620
7931, 608
7932, 617
7933, 603
7934, 599
7935, 602
7936, 610
7937, 605
7938, 597
7939, 607
7940, 605
7941, 600
7942, 619
7943, 611
7944, 623
7945, 618
7946, 605
7947, 612
7948, 616
7949, 608
7950, 617
7951, 631
7952, 598
7953, 625
7954, 629
7955, 605
7956, 598
7957, 597
7958, 603
7959, 616
7960, 616
7961, 611
7962, 627
7963, 620
7964, 615
7965, 630
7966, 607
7967, 602
7968, 618
7969, 600
7970, 612
7971, 615
7972, 619
7973, 604
7974, 600
7975, 600
7976, 617
7977, 628
7978, 618
7979, 600
7980, 599
7981, 613
7982, 630
7983, 617
7984, 611
7985, 620
7986, 600
7987, 607
7988, 623
7989, 612
7990, 629
7991, 628
7992, 601
7993, 602
7994, 597
7995, 600
7996, 609
7997, 617
7998, 622
7999, 626
8000, 589
8001, 600
8002, 609
8003, 602
8004, 664
8005, 603
8006, 600
8007, 608
8008, 614
8009, 613
8010, 598
8011, 602
8012, 603
8013, 605
8014, 615
8015, 595
8016, 603
8017, 599
8018, 588
8019, 634
8020, 611
8021, 588
8022, 605
8023, 605
8024, 599
8025, 612
8026, 611
8027, 607
8028, 597
8029, 603
8030, 633
8031, 633
8032, 594
8033, 604
8034, 605
8035, 603
8036, 605
8037, 616
8038, 617
8039, 609
8040, 596
8041, 603
8042, 611
8043, 601
8044, 615
8045, 608
8046, 613
8047, 609
8048, 600
8049, 627
8050, 612
8051, 632
8052, 601
8053, 615
8054, 607
8055, 605
8056, 605
8057, 637
8058, 616
8059, 601
8060, 618
8061, 617
8062, 605
8063, 603
8064, 604
8065, 618
8066, 608
8067, 606
8068, 606
8069, 601
8070, 606
8071, 603
8072, 604
8073, 632
8074, 653
8075, 599
8076, 620
8077, 613
8078, 626
8079, 615
8080, 618
8081, 603
8082, 618
8083, 606
8084, 595
8085, 621
8086, 615
8087, 611
8088, 618
8089, 611
8090, 614
8091, 605
8092, 615
8093, 634
8094, 615
8095, 610
8096, 604
8097, 601
8098, 622
8099, 605
8100, 594
8101, 605
8102, 610
8103, 612
8104, 603
8105, 588
8106, 607
8107, 609
8108, 611
8109, 605
8110, 612
8111, 607
8112, 592
8113, 597
8114, 608
8115, 602
8116, 604
8117, 590
8118, 610
8119, 622
8120, 632
8121, 623
8122, 614
8123, 609
8124, 619
8125, 617
8126, 605
8127, 603
8128, 606
8129, 626
8130, 600
8131, 602
8132, 603
8133, 601
8134, 596
8135, 600
8136, 630
8137, 588
8138, 589
8139, 622
8140, 604
8141, 586
8142, 640
8143, 597
8144, 603
8145, 620
8146, 602
8147, 638
8148, 587
8149, 620
8150, 602
8151, 617
8152, 612
8153, 629
8154, 600
8155, 614
8156, 608
8157, 613
8158, 2739
8159, 613
8160, 612
8161, 611
8162, 597
8163, 603
8164, 617
8165, 616
8166, 614
8167, 601
8168, 609
8169, 602
8170, 607
8171, 612
8172, 610
8173, 622
8174, 621
8175, 591
8176, 629
8177, 596
8178, 612
8179, 602
8180, 629
8181, 613
8182, 614
8183, 605
8184, 637
8185, 610
8186, 631
8187, 597
8188, 609
8189, 626
8190, 619
8191, 633
8192, 588
8193, 603
8194, 623
8195, 603
8196, 600
8197, 589
8198, 618
8199, 608
8200, 600
8201, 607
8202, 605
8203, 599
8204, 632
8205, 639
8206, 619
8207, 600
8208, 598
8209, 612
8210, 633
8211, 615
8212, 606
8213, 602
8214, 631
8215, 612
8216, 625
8217, 607
8218, 611
8219, 627
8220, 632
8221, 605
8222, 616
8223, 632
8224, 617
8225, 598
8226, 616
8227, 589
8228, 608
8229, 620
8230, 595
8231, 603
8232, 610
8233, 606
8234, 603
8235, 603
8236, 626
8237, 604
8238, 625
8239, 620
8240, 606
8241, 612
8242, 623
8243, 598
8244, 600
8245, 611
8246, 627
8247, 610
8248, 599
8249, 602
8250, 633
8251, 632
8252, 630
8253, 623
8254, 629
8255, 607
8256, 619
8257, 601
8258, 605
8259, 600
8260, 610
8261, 598
8262, 625
8263, 597
8264, 628
8265, 601
8266, 609
8267, 601
8268, 607
8269, 602
8270, 635
8271, 617
8272, 623
8273, 612
8274, 616
8275, 602
8276, 619
8277, 605
8278, 641
8279, 601
8280, 609
8281, 612
8282, 589
8283, 606
8284, 597
8285, 603
8286, 606
8287, 608
8288, 619
8289, 602
8290, 632
8291, 606
8292, 602
8293, 601
8294, 596
8295, 601
8296, 613
8297, 629
8298, 593
8299, 591
8300, 588
8301, 599
8302, 602
8303, 632
8304, 608
8305, 623
8306, 603
8307, 608
8308, 594
8309, 598
8310, 614
8311, 616
8312, 613
8313, 603
8314, 598
8315, 599
8316, 604
8317, 602
8318, 618
8319, 596
8320, 626
8321, 598
8322, 614
8323, 630
8324, 594
8325, 602
8326, 597
8327, 607
8328, 619
8329, 597
8330, 600
8331, 601
8332, 606
8333, 626
8334, 603
8335, 611
8336, 603
8337, 607
8338, 614
8339, 604
8340, 606
8341, 627
8342, 591
8343, 599
8344, 611
8345, 603
8346, 612
8347, 634
8348, 614
8349, 626
8350, 603
8351, 602
8352, 626
8353, 599
8354, 597
8355, 603
8356, 602
8357, 605
8358, 602
8359, 594
8360, 602
8361, 589
8362, 616
8363, 644
8364, 605
8365, 613
8366, 605
8367, 682
8368, 600
8369, 612
8370, 608
8371, 616
8372, 597
8373, 629
8374, 605
8375, 603
8376, 605
8377, 597
8378, 599
8379, 613
8380, 632
8381, 621
8382, 625
8383, 626
8384, 612
8385, 600
8386, 605
8387, 629
8388, 636
8389, 627
8390, 609
8391, 603
8392, 626
8393, 618
8394, 608
8395, 593
8396, 608
8397, 599
8398, 598
8399, 623
8400, 596
8401, 602
8402, 604
8403, 631
8404, 601
8405, 598
8406, 615
8407, 608
8408, 611
8409, 624
8410, 601
8411, 588
8412, 598
8413, 597
8414, 632
8415, 610
8416, 601
8417, 589
8418, 605
8419, 601
8420, 606
8421, 594
8422, 600
8423, 610
8424, 610
8425, 607
8426, 611
8427, 601
8428, 606
8429, 594
8430, 603
8431, 629
8432, 614
8433, 614
8434, 603
8435, 612
8436, 629
8437, 605
8438, 600
8439, 608
8440, 600
8441, 601
8442, 627
8443, 588
8444, 618
8445, 603
8446, 601
8447, 606
8448, 603
8449, 617
8450, 624
8451, 631
8452, 645
8453, 599
8454, 604
8455, 629
8456, 602
8457, 607
8458, 655
8459, 602
8460, 615
8461, 589
8462, 620
8463, 603
8464, 614
8465, 601
8466, 594
8467, 601
8468, 616
8469, 629
8470, 599
8471, 606
8472, 607
8473, 603
8474, 628
8475, 604
8476, 629
8477, 600
8478, 608
8479, 601
8480, 604
8481, 607
8482, 604
8483, 622
8484, 621
8485, 605
8486, 604
8487, 601
8488, 601
8489, 599
8490, 603
8491, 601
8492, 599
8493, 618
8494, 610
8495, 596
8496, 622
8497, 614
8498, 633
8499, 605
8500, 616
8501, 609
8502, 602
8503, 602
8504, 592
8505, 627
8506, 600
8507, 602
8508, 597
8509, 619
8510, 617
8511, 619
8512, 638
8513, 604
8514, 611
8515, 630
8516, 635
8517, 597
8518, 612
8519, 600
8520, 628
8521, 630
8522, 601
8523, 617
8524, 630
8525, 610
8526, 604
8527, 606
8528, 607
8529, 614
8530, 626
8531, 602
8532, 621
8533, 603
8534, 605
8535, 601
8536, 597
8537, 601
8538, 603
8539, 624
8540, 613
8541, 598
8542, 607
8543, 612
8544, 602
8545, 612
8546, 599
8547, 622
8548, 620
8549, 604
8550, 684
8551, 608
8552, 603
8553, 600
8554, 606
8555, 598
8556, 601
8557, 612
8558, 613
8559, 633
8560, 597
8561, 606
8562, 625
8563, 607
8564, 601
8565, 596
8566, 593
8567, 609
8568, 601
8569, 602
8570, 614
8571, 591
8572, 605
8573, 615
8574, 601
8575, 587
8576, 588
8577, 631
8578, 603
8579, 613
8580, 611
8581, 615
8582, 600
8583, 615
8584, 605
8585, 636
8586, 631
8587, 628
8588, 602
8589, 599
8590, 601
8591, 608
8592, 603
8593, 630
8594, 586
8595, 599
8596, 605
8597, 605
8598, 609
8599, 615
8600, 625
8601, 597
8602, 610
8603, 607
8604, 632
8605, 606
8606, 610
8607, 608
8608, 605
8609, 630
8610, 628
8611, 629
8612, 600
8613, 624
8614, 601
8615, 621
8616, 624
8617, 602
8618, 629
8619, 607
8620, 600
8621, 611
8622, 616
8623, 629
8624, 611
8625, 631
8626, 614
8627, 603
8628, 621
8629, 600
8630, 585
8631, 601
8632, 605
8633, 604
8634, 628
8635, 598
8636, 626
8637, 617
8638, 628
8639, 619
8640, 607
8641, 633
8642, 604
8643, 603
8644, 616
8645, 627
8646, 606
8647, 618
8648, 600
8649, 601
8650, 602
8651, 624
8652, 627
8653, 605
8654, 613
8655, 609
8656, 621
8657, 612
8658, 612
8659, 625
8660, 614
8661, 625
8662, 600
8663, 623
8664, 603
8665, 596
8666, 600
8667, 614
8668, 605
8669, 601
8670, 609
8671, 603
8672, 607
8673, 598
8674, 607
8675, 605
8676, 613
8677, 608
8678, 624
8679, 627
8680, 598
8681, 625
8682, 607
8683, 606
8684, 620
8685, 602
8686, 600
8687, 636
8688, 629
8689, 600
8690, 631
8691, 613
8692, 630
8693, 653
8694, 615
8695, 603
8696, 604
8697, 631
8698, 631
8699, 662
8700, 630
8701, 604
8702, 625
8703, 603
8704, 603
8705, 586
8706, 611
8707, 609
8708, 604
8709, 613
8710, 602
8711, 604
8712, 600
8713, 594
8714, 602
8715, 599
8716, 600
8717, 635
8718, 629
8719, 603
8720, 628
8721, 615
8722, 613
8723, 600
8724, 594
8725, 600
8726, 628
8727, 621
8728, 588
8729, 622
8730, 604
8731, 617
8732, 616
8733, 606
8734, 626
8735, 604
8736, 630
8737, 602
8738, 611
8739, 602
8740, 601
8741, 618
8742, 630
8743, 634
8744, 633
8745, 614
8746, 632
8747, 617
8748, 620
8749, 602
8750, 625
8751, 604
8752, 628
8753, 622
8754, 602
8755, 633
8756, 612
8757, 626
8758, 606
8759, 606
8760, 615
8761, 633
8762, 614
8763, 599
8764, 599
8765, 613
8766, 619
8767, 652
8768, 608
8769, 597
8770, 601
8771, 626
8772, 597
8773, 652
8774, 616
8775, 601
8776, 602
8777, 604
8778, 612
8779, 601
8780, 611
8781, 627
8782, 606
8783, 622
8784, 612
8785, 613
8786, 631
8787, 612
8788, 606
8789, 602
8790, 613
8791, 616
8792, 612
8793, 631
8794, 599
8795, 600
8796, 609
8797, 611
8798, 618
8799, 631
8800, 603
8801, 605
8802, 605
8803, 603
8804, 643
8805, 603
8806, 611
8807, 617
8808, 605
8809, 603
8810, 623
8811, 649
8812, 616
8813, 608
8814, 591
8815, 598
8816, 641
8817, 627
8818, 613
8819, 634
8820, 603
8821, 602
8822, 604
8823, 631
8824, 625
8825, 614
8826, 603
8827, 634
8828, 602
8829, 606
8830, 637
8831, 662
8832, 606
8833, 610
8834, 633
8835, 602
8836, 603
8837, 612
8838, 630
8839, 603
8840, 614
8841, 613
8842, 608
8843, 628
8844, 631
8845, 600
8846, 656
8847, 603
8848, 615
8849, 605
8850, 619
8851, 606
8852, 640
8853, 603
8854, 626
8855, 611
8856, 626
8857, 608
8858, 633
8859, 626
8860, 601
8861, 601
8862, 632
8863, 628
8864, 610
8865, 605
8866, 603
8867, 630
8868, 609
8869, 655
8870, 597
8871, 687
8872, 648
8873, 648
8874, 612
8875, 614
8876, 595
8877, 593
8878, 629
8879, 602
8880, 611
8881, 603
8882, 600
8883, 604
8884, 601
8885, 605
8886, 605
8887, 625
8888, 631
8889, 612
8890, 600
8891, 609
8892, 615
8893, 607
8894, 614
8895, 621
8896, 600
8897, 629
8898, 599
8899, 632
8900, 593
8901, 633
8902, 616
8903, 633
8904, 606
8905, 605
8906, 626
8907, 613
8908, 609
8909, 602
8910, 631
8911, 624
8912, 602
8913, 602
8914, 631
8915, 616
8916, 614
8917, 605
8918, 598
8919, 628
8920, 607
8921, 600
8922, 603
8923, 598
8924, 601
8925, 628
8926, 631
8927, 616
8928, 614
8929, 607
8930, 599
8931, 630
8932, 600
8933, 602
8934, 607
8935, 620
8936, 657
8937, 634
8938, 626
8939, 631
8940, 602
8941, 612
8942, 633
8943, 612
8944, 610
8945, 612
8946, 603
8947, 616
8948, 615
8949, 610
8950, 597
8951, 620
8952, 604
8953, 610
8954, 627
8955, 604
8956, 603
8957, 610
8958, 598
8959, 617
8960, 599
8961, 597
8962, 618
8963, 619
8964, 661
8965, 612
8966, 599
8967, 602
8968, 605
8969, 600
8970, 621
8971, 602
8972, 621
8973, 630
8974, 602
8975, 609
8976, 612
8977, 626
8978, 637
8979, 660
8980, 612
8981, 624
8982, 606
8983, 609
8984, 603
8985, 605
8986, 600
8987, 609
8988, 628
8989, 630
8990, 633
8991, 640
8992, 621
8993, 625
8994, 627
8995, 628
8996, 606
8997, 629
8998, 606
8999, 613
9000, 600
9001, 628
9002, 598
9003, 616
9004, 613
9005, 596
9006, 612
9007, 606
9008, 632
9009, 628
9010, 599
9011, 633
9012, 603
9013, 611
9014, 606
9015, 601
9016, 613
9017, 603
9018, 605
9019, 600
9020, 613
9021, 611
9022, 633
9023, 605
9024, 594
9025, 632
9026, 635
9027, 606
9028, 625
9029, 653
9030, 630
9031, 631
9032, 606
9033, 623
9034, 613
9035, 618
9036, 601
9037, 622
9038, 606
9039, 613
9040, 604
9041, 628
9042, 604
9043, 604
9044, 598
9045, 607
9046, 612
9047, 600
9048, 612
9049, 631
9050, 605
9051, 601
9052, 612
9053, 606
9054, 605
9055, 602
9056, 605
9057, 613
9058, 616
9059, 619
9060, 626
9061, 605
9062, 646
9063, 603
9064, 614
9065, 602
9066, 614
9067, 621
9068, 612
9069, 610
9070, 624
9071, 598
9072, 608
9073, 616
9074, 605
9075, 613
9076, 603
9077, 612
9078, 611
9079, 601
9080, 605
9081, 600
9082, 633
9083, 601
9084, 611
9085, 604
9086, 634
9087, 601
9088, 601
9089, 604
9090, 603
9091, 610
9092, 657
9093, 602
9094, 616
9095, 633
9096, 605
9097, 600
9098, 612
9099, 621
9100, 600
9101, 619
9102, 618
9103, 613
9104, 618
9105, 613
9106, 602
9107, 601
9108, 629
9109, 614
9110, 626
9111, 603
9112, 599
9113, 601
9114, 632
9115, 605
9116, 608
9117, 604
9118, 605
9119, 608
9120, 598
9121, 603
9122, 635
9123, 626
9124, 611
9125, 605
9126, 632
9127, 631
9128, 606
9129, 611
9130, 617
9131, 613
9132, 602
9133, 598
9134, 606
9135, 618
9136, 586
9137, 605
9138, 608
9139, 607
9140, 614
9141, 630
9142, 603
9143, 611
9144, 636
9145, 605
9146, 604
9147, 632
9148, 628
9149, 600
9150, 614
9151, 633
9152, 619
9153, 605
9154, 607
9155, 626
9156, 625
9157, 616
9158, 599
9159, 616
9160, 605
9161, 605
9162, 617
9163, 602
9164, 602
9165, 602
9166, 601
9167, 606
9168, 601
9169, 618
9170, 631
9171, 628
9172, 602
9173, 600
9174, 605
9175, 602
9176, 632
9177, 611
9178, 600
9179, 601
9180, 599
9181, 609
9182, 632
9183, 628
9184, 602
9185, 600
9186, 607
9187, 603
9188, 597
9189, 603
9190, 616
9191, 603
9192, 611
9193, 602
9194, 605
9195, 611
9196, 614
9197, 634
9198, 620
9199, 614
9200, 605
9201, 600
9202, 602
9203, 606
9204, 620
9205, 605
9206, 601
9207, 609
9208, 633
9209, 600
9210, 603
9211, 609
9212, 603
9213, 605
9214, 586
9215, 593
9216, 624
9217, 614
9218, 610
9219, 598
9220, 606
9221, 603
9222, 593
9223, 634
9224, 601
9225, 612
9226, 626
9227, 606
9228, 606
9229, 599
9230, 601
9231, 602
9232, 627
9233, 602
9234, 601
9235, 620
9236, 611
9237, 596
9238, 615
9239, 614
9240, 631
9241, 623
9242, 601
9243, 602
9244, 612
9245, 610
9246, 625
9247, 601
9248, 603
9249, 604
9250, 612
9251, 599
9252, 613
9253, 612
9254, 613
9255, 598
9256, 606
9257, 589
9258, 611
9259, 601
9260, 604
9261, 625
9262, 599
9263, 601
9264, 601
9265, 598
9266, 600
9267, 598
9268, 626
9269, 596
9270, 601
9271, 594
9272, 612
9273, 607
9274, 623
9275, 605
9276, 603
9277, 611
9278, 628
9279, 605
9280, 596
9281, 615
9282, 603
9283, 649
9284, 600
9285, 606
9286, 610
9287, 603
9288, 599
9289, 612
9290, 605
9291, 598
9292, 601
9293, 600
9294, 650
9295, 606
9296, 612
9297, 605
9298, 600
9299, 664
9300, 627
9301, 632
9302, 605
9303, 601
9304, 601
9305, 612
9306, 604
9307, 628
9308, 597
9309, 629
9310, 613
9311, 598
9312, 654
9313, 628
9314, 606
9315, 602
9316, 608
9317, 624
9318, 613
9319, 601
9320, 598
9321, 609
9322, 628
9323, 607
9324, 633
9325, 607
9326, 615
9327, 603
9328, 612
9329, 604
9330, 615
9331, 603
9332, 609
9333, 601
9334, 627
9335, 603
9336, 615
9337, 616
9338, 612
9339, 606
9340, 609
9341, 598
9342, 605
9343, 617
9344, 628
9345, 616
9346, 612
9347, 604
9348, 597
9349, 610
9350, 612
9351, 625
9352, 626
9353, 612
9354, 615
9355, 605
9356, 599
9357, 605
9358, 598
9359, 623
9360, 622
9361, 617
9362, 622
9363, 630
9364, 620
9365, 633
9366, 612
9367, 602
9368, 603
9369, 612
9370, 602
9371, 605
9372, 610
9373, 633
9374, 602
9375, 600
9376, 612
9377, 632
9378, 610
9379, 604
9380, 597
9381, 613
9382, 608
9383, 611
9384, 611
9385, 633
9386, 607
9387, 603
9388, 600
9389, 613
9390, 646
9391, 636
9392, 598
9393, 605
9394, 604
9395, 626
9396, 613
9397, 632
9398, 605
9399, 605
9400, 610
9401, 610
9402, 602
9403, 604
9404, 598
9405, 622
9406, 632
9407, 615
9408, 606
9409, 633
9410, 610
9411, 597
9412, 624
9413, 608
9414, 612
9415, 609
9416, 601
9417, 605
9418, 605
9419, 627
9420, 621
9421, 616
9422, 634
9423, 639
9424, 594
9425, 603
9426, 609
9427, 600
9428, 612
9429, 603
9430, 612
9431, 598
9432, 593
9433, 601
9434, 616
9435, 612
9436, 604
9437, 603
9438, 605
9439, 622
9440, 602
9441, 626
9442, 595
9443, 595
9444, 605
9445, 628
9446, 629
9447, 613
9448, 619
9449, 616
9450, 600
9451, 624
9452, 613
9453, 613
9454, 606
9455, 623
9456, 599
9457, 615
9458, 624
9459, 605
9460, 613
9461, 607
9462, 657
9463, 598
9464, 613
9465, 606
9466, 604
9467, 630
9468, 628
9469, 633
9470, 602
9471, 613
9472, 613
9473, 619
9474, 612
9475, 609
9476, 632
9477, 600
9478, 606
9479, 612
9480, 611
9481, 604
9482, 611
9483, 605
9484, 593
9485, 597
9486, 614
9487, 618
9488, 633
9489, 595
9490, 627
9491, 612
9492, 630
9493, 616
9494, 602
9495, 600
9496, 600
9497, 608
9498, 615
9499, 602
9500, 611
9501, 633
9502, 605
9503, 592
9504, 599
9505, 632
9506, 597
9507, 600
9508, 633
9509, 605
9510, 632
9511, 624
9512, 605
9513, 622
9514, 624
9515, 612
9516, 603
9517, 620
9518, 602
9519, 600
9520, 593
9521, 600
9522, 612
9523, 621
9524, 601
9525, 624
9526, 633
9527, 607
9528, 602
9529, 604
9530, 656
9531, 601
9532, 600
9533, 599
9534, 599
9535, 604
9536, 631
9537, 604
9538, 604
9539, 639
9540, 603
9541, 603
9542, 615
9543, 599
9544, 606
9545, 602
9546, 631
9547, 637
9548, 628
9549, 632
9550, 620
9551, 598
9552, 595
9553, 616
9554, 599
9555, 602
9556, 613
9557, 630
9558, 632
9559, 611
9560, 602
9561, 632
9562, 605
9563, 626
9564, 604
9565, 606
9566, 609
9567, 615
9568, 615
9569, 618
9570, 615
9571, 603
9572, 603
9573, 603
9574, 606
9575, 600
9576, 615
9577, 610
9578, 612
9579, 604
9580, 601
9581, 604
9582, 619
9583, 596
9584, 605
9585, 598
9586, 602
9587, 609
9588, 615
9589, 626
9590, 613
9591, 607
9592, 614
9593, 643
9594, 658
9595, 608
9596, 613
9597, 607
9598, 618
9599, 606
9600, 623
9601, 631
9602, 620
9603, 612
9604, 633
9605, 613
9606, 599
9607, 602
9608, 602
9609, 602
9610, 605
9611, 603
9612, 613
9613, 603
9614, 616
9615, 601
9616, 599
9617, 611
9618, 610
9619, 644
9620, 619
9621, 679
9622, 611
9623, 617
9624, 602
9625, 623
9626, 611
9627, 606
9628, 590
9629, 605
9630, 625
9631, 625
9632, 611
9633, 613
9634, 603
9635, 623
9636, 603
9637, 632
9638, 609
9639, 615
9640, 602
9641, 627
9642, 623
9643, 629
9644, 619
9645, 604
9646, 629
9647, 602
9648, 609
9649, 604
9650, 621
9651, 596
9652, 628
9653, 628
9654, 603
9655, 625
9656, 623
9657, 593
9658, 612
9659, 606
9660, 606
9661, 623
9662, 660
9663, 618
9664, 596
9665, 600
9666, 636
9667, 610
9668, 616
9669, 601
9670, 607
9671, 659
9672, 628
9673, 593
9674, 611
9675, 627
9676, 617
9677, 601
9678, 614
9679, 618
9680, 629
9681, 600
9682, 589
9683, 593
9684, 609
9685, 596
9686, 616
9687, 601
9688, 604
9689, 602
9690, 613
9691, 601
9692, 612
9693, 606
9694, 612
9695, 594
9696, 604
9697, 615
9698, 612
9699, 597
9700, 632
9701, 617
9702, 602
9703, 611
9704, 629
9705, 627
9706, 633
9707, 624
9708, 597
9709, 604
9710, 599
9711, 613
9712, 630
9713, 615
9714, 616
9715, 631
9716, 603
9717, 635
9718, 604
9719, 630
9720, 605
9721, 599
9722, 605
9723, 613
9724, 597
9725, 610
9726, 602
9727, 620
9728, 597
9729, 625
9730, 596
9731, 611
9732, 598
9733, 612
9734, 597
9735, 600
9736, 607
9737, 607
9738, 608
9739, 630
9740, 621
9741, 616
9742, 605
9743, 614
9744, 626
9745, 650
9746, 636
9747, 612
9748, 598
9749, 617
9750, 597
9751, 613
9752, 633
9753, 604
9754, 609
9755, 605
9756, 590
9757, 646
9758, 630
9759, 613
9760, 617
9761, 601
9762, 629
9763, 601
9764, 629
9765, 601
9766, 612
9767, 604
9768, 604
9769, 598
9770, 606
9771, 625
9772, 609
9773, 625
9774, 623
9775, 607
9776, 626
9777, 611
9778, 612
9779, 590
9780, 619
9781, 625
9782, 631
9783, 621
9784, 605
9785, 620
9786, 634
9787, 627
9788, 651
9789, 625
9790, 617
9791, 611
9792, 614
9793, 601
9794, 590
9795, 628
9796, 598
9797, 616
9798, 629
9799, 602
9800, 611
9801, 600
9802, 628
9803, 598
9804, 610
9805, 602
9806, 630
9807, 604
9808, 603
9809, 624
9810, 613
9811, 611
9812, 615
9813, 612
9814, 598
9815, 620
9816, 597
9817, 604
9818, 600
9819, 589
9820, 612
9821, 612
9822, 616
9823, 608
9824, 617
9825, 597
9826, 609
9827, 623
9828, 601
9829, 621
9830, 620
9831, 606
9832, 623
9833, 599
9834, 604
9835, 605
9836, 597
9837, 613
9838, 598
9839, 612
9840, 601
9841, 630
9842, 602
9843, 623
9844, 595
9845, 627
9846, 627
9847, 598
9848, 632
9849, 631
9850, 601
9851, 604
9852, 604
9853, 632
9854, 603
9855, 606
9856, 611
9857, 598
9858, 612
9859, 630
9860, 612
9861, 617
9862, 612
9863, 602
9864, 610
9865, 631
9866, 632
9867, 605
9868, 607
9869, 615
9870, 605
9871, 616
9872, 602
9873, 602
9874, 629
9875, 628
9876, 602
9877, 626
9878, 639
9879, 605
9880, 601
9881, 605
9882, 614
9883, 612
9884, 608
9885, 606
9886, 628
9887, 631
9888, 607
9889, 606
9890, 604
9891, 631
9892, 611
9893, 605
9894, 595
9895, 631
9896, 614
9897, 607
9898, 636
9899, 613
9900, 601
9901, 601
9902, 605
9903, 600
9904, 606
9905, 609
9906, 602
9907, 610
9908, 615
9909, 599
9910, 605
9911, 605
9912, 594
9913, 611
9914, 601
9915, 623
9916, 614
9917, 604
9918, 602
9919, 601
9920, 610
9921, 588
9922, 602
9923, 603
9924, 597
9925, 610
9926, 604
9927, 613
9928, 631
9929, 614
9930, 629
9931, 612
9932, 603
9933, 615
9934, 606
9935, 639
9936, 603
9937, 603
9938, 630
9939, 607
9940, 620
9941, 604
9942, 604
9943, 613
9944, 600
9945, 601
9946, 629
9947, 629
9948, 634
9949, 608
9950, 605
9951, 604
9952, 607
9953, 612
9954, 598
9955, 624
9956, 607
9957, 603
9958, 605
9959, 631
9960, 616
9961, 631
9962, 617
9963, 630
9964, 613
9965, 612
9966, 602
9967, 615
9968, 600
9969, 612
9970, 622
9971, 612
9972, 613
9973, 607
9974, 615
9975, 632
9976, 599
9977, 624
9978, 599
9979, 604
9980, 656
9981, 601
9982, 626
9983, 601
9984, 624
9985, 610
9986, 616
9987, 605
9988, 589
9989, 609
9990, 621
9991, 639
9992, 601
9993, 629
9994, 603
9995, 615
9996, 601
9997, 602
9998, 613
9999, 604
10000, 603